Rank,Name,Platform,Year,Genre,Publisher,NA_Sales,EU_Sales,JP_Sales,Other_Sales,Global_Sales
14517,Galaxy Angel II: Mugen Kairou no Kagi,PS2,2007.0,Strategy,Broccoli,0.0,0.0,0.03,0.0,0.03
6844,Pro Yaky? Spirits 2010,PSP,2010.0,Sports,Konami Digital Entertainment,0.0,0.0,0.24,0.0,0.24
4319,The Walking Dead: Season One,PS4,2014.0,Adventure,Telltale Games,0.12,0.25,0.01,0.08,0.45
13600,Doraemon: Shin Nobita no Daimakyou Peko to 5-nin no Tankenta,3DS,2014.0,Action,FuRyu,0.0,0.0,0.04,0.0,0.04
13521,D.C.F.S.: Da Capo Four Seasons,PS2,2005.0,Adventure,Kadokawa Shoten,0.0,0.0,0.04,0.0,0.04
8276,Sudoku Gridmaster,DS,2006.0,Puzzle,Nintendo,0.13,0.03,0.0,0.01,0.17
6422,The Dog Island,PS2,2007.0,Adventure,Ubisoft,0.13,0.1,0.0,0.03,0.27
5494,Silent Hill: Downpour,X360,2012.0,Action,Konami Digital Entertainment,0.22,0.08,0.0,0.03,0.33
303,Namco Museum: 50th Anniversary,PS2,2005.0,Misc,Namco Bandai Games,2.08,1.35,0.0,0.54,3.98
13801,Sacred Blaze,PS2,2009.0,Strategy,Flight-Plan,0.0,0.0,0.04,0.0,0.04
15022,Cross Channel: In Memory of All People,X360,2011.0,Adventure,CyberFront,0.0,0.0,0.02,0.0,0.02
1251,The Simpsons Game,PS2,2007.0,Action,Electronic Arts,0.35,0.03,0.0,1.13,1.51
5215,AMF Bowling World Lanes,Wii,2008.0,Sports,Bethesda Softworks,0.33,0.0,0.0,0.03,0.36
14843,Imagine: Sweet 16,DS,2010.0,Simulation,Ubisoft,0.02,0.0,0.0,0.0,0.03
310,MotorStorm,PS3,2006.0,Racing,Sony Computer Entertainment,1.53,1.61,0.06,0.67,3.88
14051,Gothic Universe,PC,2007.0,Role-Playing,JoWood Productions,0.0,0.03,0.0,0.01,0.04
13296,M&M's Adventure,DS,2008.0,Adventure,Zoo Digital Publishing,0.04,0.0,0.0,0.0,0.05
1352,Disney's DuckTales,GB,1988.0,Platform,Capcom,0.82,0.23,0.35,0.03,1.43
4094,Need for Speed: Porsche Unleashed,GBA,2004.0,Racing,Zoo Digital Publishing,0.35,0.13,0.0,0.01,0.48
14536,Atomic Betty,GBA,2005.0,Puzzle,Atari,0.02,0.01,0.0,0.0,0.03
5298,One Piece: Gigant Battle 2 Shin Sekai,DS,2011.0,Fighting,Namco Bandai Games,0.0,0.0,0.35,0.0,0.35
8401,Surf's Up,Wii,2007.0,Sports,Ubisoft,0.15,0.0,0.0,0.01,0.17
3671,Soccer Tsuku 2002: J-League Pro Soccer Club o Tsukurou!,PS2,2002.0,Sports,Sega,0.0,0.0,0.55,0.0,0.55
7433,Unreal II: The Awakening,XB,2004.0,Shooter,Atari,0.17,0.04,0.0,0.01,0.21
13462,The King of Fighters 2002: Unlimited Match,PS2,2009.0,Fighting,SNK Playmore,0.0,0.0,0.04,0.0,0.04
14830,Disney Planes Fire & Rescue,WiiU,2014.0,Action,Disney Interactive Studios,0.01,0.01,0.0,0.0,0.03
6770,Avatar: The Last Airbender - Into the Inferno,PS2,2008.0,Adventure,THQ,0.12,0.09,0.0,0.03,0.25
1520,SingStar '80s,PS2,2005.0,Misc,Sony Computer Entertainment,0.27,0.02,0.0,1.02,1.3
14549,Nippon no Asoko de,PSP,2008.0,Misc,Sony Computer Entertainment,0.0,0.0,0.03,0.0,0.03
11648,Salon Superstar,DS,2009.0,Simulation,505 Games,0.07,0.0,0.0,0.0,0.08
7643,Total War: Shogun 2 - Fall of the Samurai,PC,2012.0,Strategy,Sega,0.07,0.1,0.0,0.03,0.2
3152,James Bond 007: Everything or Nothing,XB,2004.0,Shooter,Electronic Arts,0.43,0.19,0.0,0.02,0.64
2327,Call of Juarez: Bound in Blood,PS3,2009.0,Shooter,Ubisoft,0.35,0.38,0.01,0.16,0.89
1875,Yakuza 2,PS2,2006.0,Adventure,Sega,0.05,0.04,0.84,0.16,1.09
5656,Rock Band Country Track Pack,PS2,2009.0,Misc,MTV Games,0.16,0.12,0.0,0.04,0.32
11961,Lost Heroes,PSP,2012.0,Role-Playing,Namco Bandai Games,0.0,0.0,0.07,0.0,0.07
9724,Onechanbara: Bikini Zombie Slayers,Wii,2008.0,Action,D3Publisher,0.11,0.0,0.0,0.01,0.12
13591,Barnyard,Wii,2006.0,Action,THQ,0.04,0.0,0.0,0.0,0.04
6377,Section 8,X360,2009.0,Shooter,SouthPeak Games,0.15,0.09,0.0,0.03,0.27
1474,WWF War Zone,N64,1998.0,Fighting,Acclaim Entertainment,1.08,0.24,0.0,0.02,1.33
9678,Sleeping Dogs,PC,2012.0,Action,Square Enix,0.06,0.05,0.0,0.02,0.12
5742,Dark Void,X360,2010.0,Action,Capcom,0.19,0.09,0.0,0.03,0.31
10825,Jaws: Ultimate Predator,Wii,2011.0,Action,Majesco Entertainment,0.09,0.0,0.0,0.01,0.09
3465,"Transformers: War for Cybertron (XBox 360, PS3, & PC Versions)",X360,2010.0,Shooter,Activision,0.37,0.15,0.0,0.05,0.58
11416,Jikkyou Powerful Pro Yakyuu 15,Wii,2008.0,Sports,Konami Digital Entertainment,0.0,0.0,0.08,0.0,0.08
8423,Nobunaga no Yabou: Tenshoki,SNES,1996.0,Strategy,Tecmo Koei,0.0,0.0,0.17,0.0,0.17
6877,Mobile Suit Gundam Battlefield Record U.C.0081,PS3,2009.0,Action,Namco Bandai Games,0.0,0.0,0.24,0.0,0.24
10607,Kabushiki Baibai Trainer: Kabutore!,DS,2006.0,Simulation,Konami Digital Entertainment,0.0,0.0,0.1,0.0,0.1
9748,MotoGP 14,PS3,2014.0,Racing,Milestone S.r.l.,0.04,0.06,0.0,0.02,0.12
4984,Shin Megami Tensei: Nocturne,PS2,2003.0,Role-Playing,Ghostlight,0.07,0.05,0.25,0.02,0.38
7189,The Legend of Spyro: The Eternal Night,Wii,2007.0,Platform,Vivendi Games,0.18,0.02,0.0,0.02,0.22
15254,Painkiller,PC,2004.0,Shooter,DreamCatcher Interactive,0.0,0.02,0.0,0.0,0.02
3674,Super Robot Taisen F Kanketsuhen,SAT,1998.0,Strategy,Banpresto,0.0,0.0,0.55,0.0,0.55
10580,Pajama Sam: Don't Fear The Dark,Wii,2008.0,Adventure,Atari,0.09,0.0,0.0,0.01,0.1
8633,LEGO The Lord of the Rings,DS,2012.0,Action,Warner Bros. Interactive Entertainment,0.0,0.14,0.0,0.02,0.16
7454,LEGO The Hobbit,PSV,2014.0,Action,Warner Bros. Interactive Entertainment,0.03,0.13,0.0,0.05,0.21
11182,Fire Pro Wrestling Returns,PS2,2005.0,Sports,505 Games,0.04,0.03,0.0,0.01,0.09
7923,Arcania: Gothic 4,PC,2010.0,Role-Playing,JoWood Productions,0.09,0.08,0.0,0.02,0.19
12454,S.T.A.L.K.E.R.: Call of Pripyat,PC,2009.0,Shooter,Namco Bandai Games,0.0,0.05,0.0,0.01,0.06
6328,Disney's Chicken Little,GC,2005.0,Platform,Disney Interactive Studios,0.21,0.05,0.0,0.01,0.27
1649,WCW Mayhem,PS,1998.0,Fighting,Electronic Arts,0.68,0.46,0.0,0.08,1.22
405,Ratchet & Clank,PS2,2002.0,Platform,Sony Computer Entertainment,1.44,1.01,0.57,0.3,3.33
12324,Pawly Pets: My Vet Practice,DS,2007.0,Strategy,Ubisoft,0.0,0.06,0.0,0.01,0.06
5878,Dynasty Warriors 8: Xtreme Legends,PS4,2014.0,Action,Tecmo Koei,0.09,0.11,0.06,0.04,0.3
11394,Smart Bomb,PSP,2005.0,Puzzle,Eidos Interactive,0.07,0.0,0.0,0.01,0.08
15666,Wizardry Twin Pack,PS3,2011.0,Role-Playing,Acquire,0.0,0.0,0.02,0.0,0.02
8602,Black & Bruised,PS2,2003.0,Fighting,Vivendi Games,0.08,0.06,0.0,0.02,0.16
12430,Arkanoid DS,DS,2007.0,Puzzle,Square Enix,0.06,0.0,0.0,0.0,0.06
6766,How to Train Your Dragon 2,3DS,2014.0,Adventure,Little Orbit,0.04,0.19,0.0,0.02,0.25
10890,The Legend of Heroes: A Tear of Vermillion,PSP,2005.0,Role-Playing,Namco Bandai Games,0.08,0.0,0.0,0.01,0.09
8629,Dynasty Warriors 8,X360,2013.0,Action,Tecmo Koei,0.09,0.05,0.0,0.01,0.16
5565,Karaoke Revolution Presents American Idol Encore 2,Wii,2008.0,Misc,Konami Digital Entertainment,0.3,0.0,0.0,0.02,0.33
8199,NHL 2004,XB,2003.0,Sports,Electronic Arts,0.13,0.04,0.0,0.01,0.18
16226,Nyaruko-San: Nafushigatai Game no You na Mono,PSV,2013.0,Adventure,5pb,0.0,0.0,0.01,0.0,0.01
5425,Pony Friends 2,DS,2009.0,Simulation,Eidos Interactive,0.21,0.1,0.0,0.03,0.34
1641,Parfait: Chocolat Second Style,PS2,2006.0,Adventure,Alchemist,0.59,0.46,0.01,0.15,1.22
1784,Action Bass,PS,2000.0,Action,Take-Two Interactive,0.64,0.43,0.0,0.07,1.14
9966,Thousand Arms,PS,1998.0,Role-Playing,Atlus,0.06,0.04,0.0,0.01,0.12
9352,Rurouni Kenshin: Enjou! Kyoto Rinne,PS2,2006.0,Action,Banpresto,0.0,0.0,0.13,0.0,0.13
13371,Rapala Fishing Frenzy 2009,X360,2008.0,Sports,Activision,0.04,0.0,0.0,0.0,0.05
13071,Kids Learn Music A+ Edition,DS,2011.0,Misc,Unknown,0.05,0.0,0.0,0.0,0.05
8382,G-Force,X360,2009.0,Action,Disney Interactive Studios,0.11,0.05,0.0,0.01,0.17
13781,Nobunaga's Ambition: Sphere of Influence,PS4,2014.0,Strategy,Tecmo Koei,0.03,0.0,0.0,0.01,0.04
6175,Syphon Filter: Dark Mirror,PS2,2007.0,Shooter,Sony Computer Entertainment,0.14,0.11,0.0,0.04,0.28
11292,Sega GT Online,XB,2003.0,Racing,Sega,0.06,0.02,0.0,0.0,0.08
1813,WWE 2K14,X360,2013.0,Sports,Take-Two Interactive,0.64,0.39,0.0,0.1,1.13
1659,The Magical Quest starring Mickey Mouse,SNES,1992.0,Platform,Capcom,0.66,0.17,0.35,0.03,1.21
15960,Simple DS Series Vol. 42: The Haioku Byoutou,DS,2008.0,Adventure,D3Publisher,0.0,0.0,0.02,0.0,0.02
5664,Manhunt 2,PSP,2007.0,Action,Take-Two Interactive,0.04,0.18,0.0,0.1,0.32
7984,Phantasy Star Nova,PSV,2014.0,Role-Playing,Sega,0.0,0.0,0.19,0.0,0.19
9112,Zapper: One Wicked Cricket!,GBA,2002.0,Platform,Infogrames,0.1,0.04,0.0,0.0,0.14
11608,LEGO Soccer Mania,GBA,2002.0,Sports,Electronic Arts,0.06,0.02,0.0,0.0,0.08
10314,FoxKids.com Micro Maniacs Racing,PS,2000.0,Racing,Codemasters,0.06,0.04,0.0,0.01,0.11
11249,Monster House,GBA,2006.0,Adventure,THQ,0.06,0.02,0.0,0.0,0.09
11136,The Suffering: Ties That Bind,XB,2005.0,Action,Midway Games,0.07,0.02,0.0,0.0,0.09
14587,Dream Pinball 3D,DS,2008.0,Misc,SouthPeak Games,0.03,0.0,0.0,0.0,0.03
8787,Jikkyou Powerful Pro Yakyuu 2009,PS2,2009.0,Sports,Konami Digital Entertainment,0.0,0.0,0.15,0.0,0.15
8862,Mirror's Edge Catalyst,XOne,2016.0,Platform,Electronic Arts,0.08,0.05,0.0,0.02,0.15
342,Banjo-Kazooie,N64,1998.0,Platform,Nintendo,1.87,1.13,0.55,0.1,3.65
9302,Vampire Night,PS2,2001.0,Shooter,Sony Computer Entertainment,0.07,0.05,0.0,0.02,0.14
716,Onimusha 2: Samurai's Destiny,PS2,2002.0,Adventure,Capcom,0.62,0.44,1.06,0.13,2.25
8235,Project Spark,XOne,2014.0,Misc,Microsoft Game Studios,0.11,0.05,0.0,0.02,0.17
4394,NBA Live 2005,GC,2004.0,Sports,Electronic Arts,0.35,0.09,0.0,0.01,0.45
14086,The Cursed Crusade,PC,2011.0,Action,DTP Entertainment,0.0,0.03,0.0,0.01,0.04
11930,Mahjong Fight Club DS: Wi-Fi Taiou,DS,2006.0,Misc,Konami Digital Entertainment,0.0,0.0,0.07,0.0,0.07
9755,The Lord of the Rings: Aragorn's Quest,DS,2010.0,Action,Warner Bros. Interactive Entertainment,0.1,0.02,0.0,0.01,0.12
4838,MLB 2006,PS2,2005.0,Sports,Sony Computer Entertainment,0.33,0.01,0.0,0.05,0.4
12600,Trapt,PS2,2005.0,Action,Tecmo Koei,0.03,0.02,0.0,0.01,0.06
14204,Dead or Alive Xtreme 3: Venus,PSV,2016.0,Sports,Tecmo Koei,0.0,0.0,0.03,0.0,0.03
13323,Jonah Lomu Rugby Challenge,PC,2011.0,Sports,Home Entertainment Suppliers,0.0,0.04,0.0,0.01,0.05
11422,Pro Evolution Soccer 2008 (JP sales),DS,2007.0,Sports,Konami Digital Entertainment,0.0,0.0,0.08,0.0,0.08
2600,The Walking Dead: Season One,PS3,2012.0,Adventure,Avanquest Software,0.4,0.25,0.03,0.11,0.79
5667,Dragon Quest Monsters: Battle Road Victory,Wii,2010.0,Strategy,Square Enix,0.0,0.0,0.32,0.0,0.32
3502,Ratchet & Clank: Quest for Booty,PS3,2008.0,Platform,Sony Computer Entertainment,0.0,0.53,0.0,0.04,0.58
2069,Winning Eleven: Pro Evolution Soccer 2007 (All Region sales),X360,2006.0,Sports,Konami Digital Entertainment,0.08,0.9,0.02,0.0,1.0
11596,Ape Escape: Pumped & Primed,PS2,2004.0,Misc,Sony Computer Entertainment,0.04,0.03,0.0,0.01,0.08
2808,Berzerk,2600,1981.0,Shooter,Atari,0.68,0.04,0.0,0.01,0.73
9439,Eat Lead: The Return of Matt Hazard,PS3,2009.0,Shooter,D3Publisher,0.09,0.02,0.0,0.01,0.13
6617,Spelling Challenges and more!,PSP,2007.0,Misc,Crave Entertainment,0.24,0.0,0.0,0.02,0.25
8639,LEGO Legends of Chima: Laval's Journey,PSV,2013.0,Adventure,Warner Bros. Interactive Entertainment,0.02,0.09,0.0,0.04,0.16
2337,Fire Emblem: The Sacred Stones,GBA,2004.0,Strategy,Nintendo,0.42,0.16,0.3,0.02,0.89
4075,Tales of Legendia,PS2,2005.0,Role-Playing,Namco Bandai Games,0.07,0.05,0.35,0.02,0.49
10162,Army Men: RTS,PS2,2002.0,Strategy,3DO,0.05,0.04,0.0,0.01,0.11
10586,Little League World Series Baseball 2008,Wii,2008.0,Sports,Activision,0.09,0.0,0.0,0.01,0.1
12205,TRON: Evolution,PC,2010.0,Action,Disney Interactive Studios,0.06,0.0,0.0,0.0,0.07
15733,Super Speed Machines,DS,2009.0,Racing,Midas Interactive Entertainment,0.02,0.0,0.0,0.0,0.02
6828,Skylanders SWAP Force,3DS,2013.0,Platform,Activision,0.1,0.12,0.0,0.02,0.24
6244,True Crime: New York City,XB,2005.0,Action,Activision,0.21,0.06,0.0,0.01,0.28
13372,Ride to Hell,PS3,2013.0,Racing,Deep Silver,0.02,0.02,0.0,0.01,0.05
1869,Untold Legends: Brotherhood of the Blade,PSP,2005.0,Role-Playing,Activision,0.54,0.33,0.01,0.22,1.1
8080,Super Robot Taisen UX,3DS,2013.0,Role-Playing,Namco Bandai Games,0.0,0.0,0.18,0.0,0.18
9958,Tokyo Twilight Ghost Hunters,PSV,2014.0,Role-Playing,Aksys Games,0.06,0.01,0.02,0.02,0.12
194,Call of Duty: Advanced Warfare,XOne,2014.0,Shooter,Activision,3.21,1.53,0.01,0.38,5.13
13514,Grand Slam,PS,1997.0,Misc,Virgin Interactive,0.02,0.02,0.0,0.0,0.04
1103,Max Payne 3,X360,2012.0,Shooter,Take-Two Interactive,0.86,0.64,0.01,0.14,1.66
5768,J-League Winning Eleven 2007: Club Championship,PS2,2007.0,Sports,Konami Digital Entertainment,0.0,0.0,0.31,0.0,0.31
6340,Spider-Man: Web of Shadows,PS3,2008.0,Action,Activision,0.2,0.04,0.0,0.03,0.27
9706,One Piece: Pirate Warriors 2,PSV,2013.0,Action,Namco Bandai Games,0.0,0.0,0.12,0.0,0.12
3901,Virtual Pool,PS,1997.0,Sports,Interplay,0.28,0.19,0.0,0.03,0.51
11753,Formula One World Championship: Beyond the Limit,SCD,1994.0,Racing,Sega,0.0,0.0,0.07,0.0,0.07
1802,Need for Speed Underground 2,GC,2004.0,Racing,Electronic Arts,0.7,0.39,0.01,0.03,1.14
13731,Gal*Gun,X360,2011.0,Shooter,Alchemist,0.0,0.0,0.04,0.0,0.04
3446,Diablo,PS,1997.0,Role-Playing,Electronic Arts,0.29,0.19,0.07,0.04,0.58
11167,Bomberman Land Touch!,DS,2006.0,Puzzle,Rising Star Games,0.04,0.0,0.04,0.0,0.09
6421,Superman Returns,X360,2006.0,Action,Electronic Arts,0.23,0.02,0.0,0.02,0.27
1771,Call of Duty 4: Modern Warfare,PC,2007.0,Shooter,Activision,0.0,1.12,0.0,0.03,1.15
9085,Cranium Kabookii,Wii,2007.0,Misc,Ubisoft,0.13,0.0,0.0,0.01,0.14
9754,Puzzle Kingdoms,Wii,2009.0,Puzzle,Zoo Digital Publishing,0.11,0.0,0.0,0.01,0.12
12427,Blast Lacrosse,PS,2001.0,Sports,Acclaim Entertainment,0.03,0.02,0.0,0.0,0.06
2127,Brutal Legend,X360,2009.0,Action,Electronic Arts,0.62,0.27,0.0,0.09,0.98
9766,Ferrari Challenge Trofeo Pirelli,PS2,2008.0,Racing,System 3 Arcade Software,0.06,0.05,0.0,0.02,0.12
8055,Hitman: HD Trilogy,X360,2013.0,Action,Square Enix,0.07,0.09,0.0,0.02,0.18
6978,Saint Seiya: Sanctuary Battle,PS3,2011.0,Action,Namco Bandai Games,0.0,0.09,0.11,0.03,0.23
177,Assassin's Creed II,X360,2009.0,Action,Ubisoft,3.1,1.56,0.08,0.51,5.27
12923,Black Sigil: Blade of the Exiled,DS,2009.0,Role-Playing,Graffiti,0.05,0.0,0.0,0.0,0.05
3777,NASCAR 09,PS2,2008.0,Racing,Electronic Arts,0.26,0.2,0.0,0.07,0.53
1796,Super R.C. Pro-Am,GB,1991.0,Racing,Nintendo,0.58,0.37,0.15,0.04,1.14
1808,Fantasy Life,3DS,2012.0,Role-Playing,Nintendo,0.33,0.37,0.37,0.06,1.13
7510,Chronicles of Mystery: Curse of the Ancient Temple,DS,2009.0,Adventure,City Interactive,0.07,0.11,0.0,0.02,0.2
3039,Crafting Mama,DS,2010.0,Simulation,505 Games,0.4,0.21,0.01,0.05,0.67
10221,Chameleon Twist,N64,1997.0,Platform,Sunsoft,0.09,0.02,0.0,0.0,0.11
12756,Fate/Stay Night [Réalta Nua],PSV,2012.0,Adventure,Kadokawa Shoten,0.0,0.0,0.06,0.0,0.06
14677,Shin Koihime Musou: Otome Ryouran * Sangokushi Engi - Wu-Hen,PSP,2010.0,Adventure,Yeti,0.0,0.0,0.03,0.0,0.03
8192,FIFA 17,X360,2016.0,Sports,Electronic Arts,0.03,0.13,0.0,0.01,0.18
11755,Buster Bros. Collection,PS,1997.0,Puzzle,Capcom,0.04,0.03,0.0,0.0,0.07
6776,Catz,GBA,2005.0,Simulation,Ubisoft,0.18,0.06,0.0,0.0,0.24
11745,AKB1/149: Love Election,PSV,2012.0,Adventure,Namco Bandai Games,0.0,0.0,0.07,0.0,0.07
12935,Chaos;Child,PSV,2015.0,Adventure,5pb,0.0,0.0,0.05,0.0,0.05
12567,World Soccer Winning Eleven 9 (US sales),PSP,2005.0,Sports,Konami Digital Entertainment,0.05,0.0,0.0,0.0,0.06
2205,Castlevania: Lament of Innocence,PS2,2003.0,Action,Konami Digital Entertainment,0.46,0.36,0.0,0.12,0.94
4765,Hatsune Miku: Project Diva 2nd,PSP,2010.0,Misc,Sega,0.0,0.0,0.41,0.0,0.41
13063,Imagine: Artist,DS,2009.0,Misc,Ubisoft,0.05,0.0,0.0,0.0,0.05
9933,Spider-Man: Edge of Time,3DS,2011.0,Action,Activision,0.08,0.03,0.0,0.01,0.12
461,Epic Mickey,Wii,2010.0,Platform,Disney Interactive Studios,2.06,0.64,0.12,0.22,3.04
4636,Super Famista 4,SNES,1995.0,Sports,Namco Bandai Games,0.0,0.0,0.42,0.0,0.42
5318,WWE All Stars,X360,2011.0,Fighting,THQ,0.18,0.14,0.0,0.03,0.35
6616,Percy Jackson and the Olympians: The Lightning Thief,DS,2010.0,Role-Playing,Activision,0.22,0.01,0.0,0.02,0.25
10305,Irozuki Tingle no Koi no Balloon Trip,DS,2009.0,Adventure,Nintendo,0.0,0.0,0.11,0.0,0.11
13904,Dramatic Soccer Game: Nippon Daihyou Senshu Ninarou!,PS2,2002.0,Sports,Enix Corporation,0.0,0.0,0.04,0.0,0.04
12616,Dance Sensation!,Wii,2010.0,Misc,Majesco Entertainment,0.06,0.0,0.0,0.0,0.06
7031,What's Cooking? Jamie Oliver,DS,2008.0,Simulation,Atari,0.2,0.01,0.0,0.02,0.23
4947,Cabela's Dangerous Hunts 2,PS2,2005.0,Sports,Activision,0.19,0.15,0.0,0.05,0.39
8005,Harvest Moon: A Wonderful Life Special Edition,PS2,2004.0,Simulation,505 Games,0.09,0.07,0.0,0.02,0.18
259,Asteroids,2600,1980.0,Shooter,Atari,4.0,0.26,0.0,0.05,4.31
33,Pokemon X/Pokemon Y,3DS,2013.0,Role-Playing,Nintendo,5.17,4.05,4.34,0.79,14.35
6519,Bust A Groove 2,PS,1999.0,Misc,Enix Corporation,0.04,0.03,0.18,0.02,0.26
10522,Uta no Prince-Sama: Music,PSP,2011.0,Misc,Broccoli,0.0,0.0,0.1,0.0,0.1
15950,Accel World: Kasoku no Chouten,PS3,2013.0,Adventure,Namco Bandai Games,0.0,0.0,0.02,0.0,0.02
15508,Point Blank 3,PS,2000.0,Shooter,Namco Bandai Games,0.01,0.01,0.0,0.0,0.02
3190,F1 2013,PS3,2013.0,Racing,Codemasters,0.01,0.45,0.03,0.15,0.63
6906,Sherlock Holmes and the Mystery of Osborne House,DS,2010.0,Adventure,Focus Home Interactive,0.07,0.14,0.0,0.03,0.24
7364,NHL 2K6,XB,2005.0,Sports,Take-Two Interactive,0.16,0.05,0.0,0.01,0.21
9621,SkullMonkeys,PS,1998.0,Platform,DreamWorks Interactive,0.07,0.05,0.0,0.01,0.13
14295,Monster Rancher Hop-A-Bout,PS,2000.0,Action,Tecmo Koei,0.02,0.01,0.0,0.0,0.03
7150,Deadly Duck,2600,1981.0,Shooter,20th Century Fox Video Games,0.21,0.01,0.0,0.0,0.22
3286,NBA 2K9,PS3,2008.0,Sports,Take-Two Interactive,0.56,0.0,0.0,0.05,0.61
192,Kirby's Dream Land,GB,1992.0,Platform,Nintendo,2.71,0.61,1.7,0.11,5.13
5657,7 Wonders II,DS,2009.0,Puzzle,Rondomedia,0.14,0.15,0.0,0.03,0.32
13683,The Wolf Among Us,X360,2011.0,Adventure,Telltale Games,0.01,0.03,0.0,0.0,0.04
13193,MTX Mototrax,PSP,2006.0,Racing,Activision,0.04,0.0,0.0,0.0,0.05
16409,The Amazing Spider-Man 2 (2014),PC,2014.0,Action,Activision,0.0,0.01,0.0,0.0,0.01
5431,Modnation Racers: Road Trip,PSV,2012.0,Racing,Sony Computer Entertainment,0.17,0.12,0.0,0.05,0.34
10181,Alvin and the Chipmunks: Chipwrecked,DS,2011.0,Misc,505 Games,0.07,0.03,0.0,0.01,0.11
12351,Panzer Tactics,DS,2007.0,Strategy,10TACLE Studios,0.06,0.0,0.0,0.0,0.06
7570,All Star Pro-Wrestling,PS2,2000.0,Fighting,SquareSoft,0.0,0.0,0.2,0.0,0.2
9811,Chessmaster: The Art of Learning,PSP,2008.0,Misc,Ubisoft,0.11,0.0,0.0,0.01,0.12
13276,FIFA Soccer 10,PC,2009.0,Sports,Electronic Arts,0.0,0.04,0.0,0.01,0.05
6980,Meteos,DS,2005.0,Puzzle,Nintendo,0.15,0.01,0.06,0.01,0.23
6872,Road Rash 64,N64,1999.0,Racing,THQ,0.19,0.05,0.0,0.0,0.24
7418,WinBack: Covert Operations,N64,1999.0,Shooter,Virgin Interactive,0.17,0.04,0.0,0.0,0.21
1463,Need for Speed Carbon,PS2,2006.0,Racing,Electronic Arts,1.22,0.05,0.05,0.01,1.34
789,Project Gotham Racing (JP weekly sales),XB,2002.0,Action,Microsoft Game Studios,1.54,0.44,0.04,0.07,2.1
3529,Petz Wild Animals: Tigerz,DS,2008.0,Simulation,Ubisoft,0.52,0.01,0.0,0.04,0.57
10674,Crime Crackers,PS,1994.0,Role-Playing,Sony Computer Entertainment,0.0,0.0,0.09,0.01,0.1
1887,Star Wars: Bounty Hunter,PS2,2002.0,Shooter,LucasArts,0.53,0.42,0.0,0.14,1.09
295,Tekken Tag Tournament,PS2,2000.0,Fighting,Namco Bandai Games,1.68,1.51,0.51,0.35,4.05
4444,Child of Eden,X360,2011.0,Shooter,Ubisoft,0.28,0.12,0.0,0.04,0.44
8721,Bleach: Dark Souls,DS,2007.0,Fighting,Sega,0.12,0.02,0.0,0.01,0.15
13517,Coraline,DS,2009.0,Action,D3Publisher,0.04,0.0,0.0,0.0,0.04
2072,Killzone: Mercenary,PSV,2013.0,Shooter,Sony Computer Entertainment Europe,0.25,0.49,0.04,0.22,1.0
7407,Shadow of Destiny,PS2,2001.0,Adventure,Konami Digital Entertainment,0.09,0.07,0.03,0.02,0.21
14153,Kekkaishi: Kokubourou no Kage,Wii,2007.0,Action,Namco Bandai Games,0.0,0.0,0.03,0.0,0.03
2746,Zone of the Enders,PS2,2001.0,Shooter,Konami Digital Entertainment,0.3,0.24,0.13,0.08,0.75
13542,Chicken Shoot,GBA,2005.0,Action,Zoo Digital Publishing,0.03,0.01,0.0,0.0,0.04
5544,Despicable Me: The Game,Wii,2010.0,Platform,D3Publisher,0.19,0.12,0.0,0.03,0.33
16250,Ultraman Fighting Evolution 0,PSP,2006.0,Fighting,Banpresto,0.0,0.0,0.01,0.0,0.01
2776,LEGO Marvel Super Heroes,WiiU,2013.0,Action,Warner Bros. Interactive Entertainment,0.31,0.35,0.02,0.06,0.74
2913,Kill.Switch,PS2,2003.0,Shooter,Sony Computer Entertainment,0.34,0.27,0.0,0.09,0.7
3578,Hotel Dusk: Room 215,DS,2007.0,Adventure,Nintendo,0.27,0.05,0.22,0.03,0.56
911,Need for Speed Rivals,PS4,2013.0,Racing,Electronic Arts,0.73,0.91,0.03,0.22,1.89
188,Donkey Kong Country 2: Diddy's Kong Quest,SNES,1995.0,Platform,Nintendo,2.1,0.74,2.2,0.11,5.15
319,The Legend of Zelda: Link's Awakening,GB,1992.0,Action,Nintendo,2.21,0.96,0.54,0.13,3.83
10557,E·O·E: Eve of Extinction,PS2,2002.0,Fighting,Eidos Interactive,0.04,0.03,0.02,0.01,0.1
13186,Monster Band,DS,2008.0,Misc,Tivola,0.04,0.0,0.0,0.0,0.05
2100,Guitar Hero: Aerosmith,PS3,2008.0,Misc,Activision,0.73,0.15,0.0,0.11,0.99
6460,King's Field II,PS,1996.0,Role-Playing,From Software,0.08,0.06,0.11,0.02,0.26
10304,Rogue Warrior,X360,2009.0,Shooter,Bethesda Softworks,0.09,0.01,0.0,0.01,0.11
5825,Nicktoons: Battle for Volcano Island,DS,2006.0,Action,THQ,0.28,0.0,0.0,0.02,0.3
10650,Cate West: The Vanishing Files,DS,2008.0,Adventure,Oxygen Interactive,0.08,0.01,0.0,0.01,0.1
4157,Street Fighter X Tekken,X360,2012.0,Fighting,Capcom,0.31,0.1,0.03,0.03,0.47
12826,Shining Force III: Scenario 2,SAT,1998.0,Strategy,Sega,0.0,0.0,0.05,0.0,0.05
15421,Super Fruit Fall,Wii,2006.0,Puzzle,System 3 Arcade Software,0.01,0.0,0.0,0.0,0.02
8889,Chessmaster II,PS,1998.0,Strategy,Mindscape,0.08,0.06,0.0,0.01,0.15
11873,Rugby World Cup 2015,PS3,2015.0,Sports,Ubisoft,0.0,0.06,0.0,0.01,0.07
6183,Sing Party,WiiU,2012.0,Misc,Nintendo,0.13,0.12,0.0,0.02,0.28
7824,Dave Mirra Freestyle BMX 2,GBA,2001.0,Sports,Acclaim Entertainment,0.14,0.05,0.0,0.0,0.19
2928,Ape Escape: On the Loose,PSP,2005.0,Platform,Sony Computer Entertainment,0.52,0.01,0.12,0.05,0.7
15953,Just Cause,PS2,2006.0,Action,Eidos Interactive,0.01,0.01,0.0,0.0,0.02
16531,Kiniro no Corda 3,3DS,2015.0,Adventure,Tecmo Koei,0.0,0.0,0.01,0.0,0.01
4387,NBA Live 10,X360,2009.0,Sports,Electronic Arts,0.4,0.02,0.0,0.03,0.45
15815,Tsuyo Kiss 2 Gakki: Swift Love,PS2,2009.0,Adventure,Revolution (Japan),0.0,0.0,0.02,0.0,0.02
12085,Dynasty Warriors DS: Fighter's Battle,DS,2007.0,Action,Tecmo Koei,0.04,0.0,0.03,0.0,0.07
2962,One Piece: Pirate Warriors 2,PS3,2013.0,Action,Namco Bandai Games,0.0,0.2,0.42,0.07,0.69
8815,Cake Mania: In The Mix!,Wii,2008.0,Puzzle,Majesco Entertainment,0.14,0.0,0.0,0.01,0.15
7112,NCAA Football 09,PSP,2008.0,Sports,Electronic Arts,0.21,0.0,0.0,0.02,0.23
15463,Starship Troopers,PC,2005.0,Shooter,Empire Interactive,0.0,0.02,0.0,0.0,0.02
13242,GrimGrimoire,PS2,2007.0,Strategy,Tecmo Koei,0.01,0.01,0.03,0.0,0.05
3696,Gekikuukan Pro Yakyuu: At the End of the Century 1999,PS2,2000.0,Sports,SquareSoft,0.0,0.0,0.54,0.0,0.54
14329,Chicken Shoot 2,GBA,2005.0,Adventure,Zoo Digital Publishing,0.02,0.01,0.0,0.0,0.03
648,Pro Wrestling,NES,1987.0,Fighting,Nintendo,0.77,0.18,1.42,0.03,2.4
16337,Greg Hastings' Tournament Paintball Max'd,PS2,2006.0,Shooter,Activision,0.01,0.0,0.0,0.0,0.01
8289,MX World Tour Featuring Jamie Little,PS2,2005.0,Racing,Play It,0.08,0.07,0.0,0.02,0.17
14735,My Animal Centre,Wii,2009.0,Simulation,Deep Silver,0.0,0.02,0.0,0.0,0.03
3415,Ready 2 Rumble Boxing,N64,1999.0,Sports,Midway Games,0.47,0.11,0.0,0.01,0.59
11822,Kessen III,PS2,2004.0,Strategy,Tecmo Koei,0.04,0.03,0.0,0.01,0.07
8375,World Destruction League: Thunder Tanks,PS,2000.0,Action,3DO,0.09,0.06,0.0,0.01,0.17
174,Final Fantasy IX,PS,2000.0,Role-Playing,SquareSoft,1.62,0.77,2.78,0.14,5.3
12367,Legend of Kay,DS,2010.0,Action,JoWood Productions,0.06,0.0,0.0,0.0,0.06
9398,History Civil War: Secret Missions,X360,2008.0,Shooter,Activision,0.12,0.0,0.0,0.01,0.13
435,Club Penguin: Elite Penguin Force,DS,2008.0,Adventure,Disney Interactive Studios,1.88,0.98,0.0,0.3,3.16
12667,Fatal Frame,XB,2002.0,Action,Tecmo Koei,0.04,0.01,0.0,0.0,0.06
13698,Banushi Life Game: Winner's Circle,DS,2007.0,Sports,Genki,0.0,0.0,0.04,0.0,0.04
5862,Spider-Man 3,PSP,2007.0,Platform,Activision,0.01,0.23,0.0,0.06,0.3
11843,Teenage Mutant Ninja Turtles: Mutants in Manhattan,PS4,2016.0,Action,Activision,0.04,0.02,0.0,0.01,0.07
10731,Championship Pony,DS,2008.0,Simulation,"Destination Software, Inc",0.09,0.0,0.0,0.01,0.1
9081,Class of Heroes,PSP,2008.0,Role-Playing,Acquire,0.06,0.0,0.08,0.01,0.14
12514,Mike Piazza's Strike Zone,N64,1998.0,Sports,GT Interactive,0.05,0.01,0.0,0.0,0.06
13262,Sword Art Online: Game Director's Edition,PS4,2015.0,Role-Playing,Namco Bandai Games,0.0,0.0,0.05,0.0,0.05
15939,Iron Soldier 3,PS,1999.0,Simulation,Telegames,0.01,0.01,0.0,0.0,0.02
6912,Lego Star Wars: The Force Awakens,XOne,2016.0,Action,Warner Bros. Interactive Entertainment,0.12,0.1,0.0,0.02,0.24
9525,Borderlands: Double Game Add-On Pack,X360,2010.0,Shooter,Take-Two Interactive,0.1,0.02,0.0,0.01,0.13
2618,Dead Island: Riptide,X360,2013.0,Action,Deep Silver,0.44,0.27,0.01,0.07,0.79
1638,Game & Watch Gallery 2,GB,1997.0,Misc,Nintendo,0.76,0.3,0.12,0.04,1.22
12890,MLB SlugFest 2006,XB,2006.0,Sports,Midway Games,0.04,0.01,0.0,0.0,0.05
11089,Clockwork Knight,SAT,1994.0,Platform,Sega,0.0,0.0,0.09,0.0,0.09
8457,NCAA Basketball 09,PS3,2008.0,Sports,Electronic Arts,0.15,0.0,0.0,0.01,0.17
3158,Tom Clancy's Rainbow Six,N64,1999.0,Shooter,Red Storm Entertainment,0.48,0.15,0.0,0.01,0.64
12412,Daito Giken Koushiki Pachi-Slot Simulator: Ossu! Banchou Portable,PSP,2006.0,Misc,Daito,0.0,0.0,0.06,0.0,0.06
4017,Raiders of the Lost Ark,2600,1981.0,Action,Atari,0.46,0.03,0.0,0.01,0.5
3543,Jampack Summer 2002,PS2,2002.0,Misc,Sony Computer Entertainment,0.28,0.22,0.0,0.07,0.57
9210,NCIS,X360,2011.0,Adventure,Ubisoft,0.1,0.03,0.0,0.01,0.14
4043,Mario & Wario,SNES,1993.0,Puzzle,Nintendo,0.0,0.0,0.49,0.0,0.49
2194,Lego Batman 3: Beyond Gotham,X360,2014.0,Action,Warner Bros. Interactive Entertainment,0.48,0.38,0.0,0.08,0.95
2628,PokePark 2: Wonders Beyond,Wii,2011.0,Action,Nintendo,0.27,0.2,0.27,0.05,0.79
13569,Twilight Syndrome: Kinjiratera Toshi Densetsu,DS,2008.0,Adventure,Spike,0.0,0.0,0.04,0.0,0.04
15547,Jinsei Game DS,DS,2006.0,Misc,Atlus,0.0,0.0,0.02,0.0,0.02
10802,Populous DS,DS,2008.0,Strategy,Rising Star Games,0.07,0.0,0.02,0.01,0.1
1679,NFL 2K,DC,1999.0,Sports,Sega,1.12,0.05,0.0,0.02,1.2
9868,Backyard Sports Football: Rookie Rush,X360,2010.0,Sports,Atari,0.11,0.0,0.0,0.01,0.12
4254,Brothers In Arms: Earned in Blood,PS2,2005.0,Shooter,Ubisoft,0.38,0.01,0.0,0.06,0.46
4576,Mega Man Battle Network,GBA,2001.0,Role-Playing,Capcom,0.14,0.05,0.22,0.01,0.42
7781,Peter Jackson's King Kong: The Official Game of the Movie,PSP,2005.0,Action,Ubisoft,0.16,0.01,0.0,0.02,0.19
5945,Shark Tale,GC,2004.0,Action,Activision,0.23,0.06,0.0,0.01,0.3
8640,Konami Krazy Racers,GBA,2001.0,Racing,Konami Digital Entertainment,0.09,0.03,0.04,0.0,0.16
7963,Robin Hood: Defender of the Crown,PS2,2003.0,Strategy,Capcom,0.09,0.07,0.0,0.02,0.19
6128,Street Hoops,XB,2002.0,Sports,Activision,0.21,0.06,0.0,0.01,0.28
8364,Marble Saga: Kororinpa,Wii,2009.0,Puzzle,Konami Digital Entertainment,0.1,0.06,0.0,0.02,0.17
14854,Monster Mayhem: Build and Battle,Wii,2009.0,Simulation,Zushi Games,0.02,0.0,0.0,0.0,0.03
12951,Persona 2: Eternal Punishment,PSP,2012.0,Role-Playing,Atlus,0.0,0.0,0.05,0.0,0.05
231,Guitar Hero III: Legends of Rock,Wii,2007.0,Misc,Activision,3.06,1.12,0.0,0.44,4.62
9454,No Fear Downhill Mountain Biking,PS,1998.0,Sports,Codemasters,0.07,0.05,0.0,0.01,0.13
3213,Call of Duty: Black Ops,DS,2010.0,Shooter,Activision,0.54,0.05,0.0,0.04,0.63
13614,Emergency Room: Real Life Rescues,DS,2009.0,Simulation,505 Games,0.04,0.0,0.0,0.0,0.04
447,Dragon Warrior IV,NES,1990.0,Role-Playing,Enix Corporation,0.08,0.0,3.03,0.01,3.12
16111,Nodame Cantabile,PS2,2007.0,Misc,Banpresto,0.0,0.0,0.01,0.0,0.01
15110,Indianapolis 500 Evolution,X360,2009.0,Racing,Zushi Games,0.02,0.0,0.0,0.0,0.02
1161,Diablo,PC,1996.0,Role-Playing,Activision,0.01,1.58,0.0,0.0,1.59
4204,MTV Music Generator,PS,1999.0,Misc,Codemasters,0.26,0.18,0.0,0.03,0.47
14468,Sins of a Solar Empire,PC,2008.0,Strategy,Pinnacle,0.0,0.02,0.0,0.01,0.03
5524,"Warhammer 40,000: Squad Command",PSP,2007.0,Strategy,THQ,0.11,0.14,0.0,0.08,0.33
1379,Twisted Metal: Black,PS2,2001.0,Racing,Sony Computer Entertainment,1.19,0.17,0.0,0.05,1.41
9776,Medarot DS: Kabuto / Kuwagata Ver.,DS,2010.0,Role-Playing,Rocket Company,0.0,0.0,0.12,0.0,0.12
4780,Disney's Hercules / Disney's The Jungle Book: Groove Party / A Bug's Life,PS,2003.0,Misc,Sony Computer Entertainment,0.23,0.15,0.0,0.03,0.4
2276,AMF Bowling Pinbusters!,Wii,2007.0,Sports,Bethesda Softworks,0.85,0.0,0.0,0.07,0.91
8642,Blitz: The League II,PS3,2008.0,Sports,Midway Games,0.11,0.03,0.0,0.02,0.16
3369,PGR3 - Project Gotham Racing 3,X360,2005.0,Racing,Microsoft Game Studios,0.49,0.03,0.03,0.05,0.6
4412,Payday 2,PS3,2013.0,Shooter,505 Games,0.21,0.15,0.0,0.08,0.44
12560,Carol Vorderman's Sudoku,PSP,2006.0,Puzzle,Xplosiv,0.05,0.0,0.0,0.01,0.06
11660,Stuart Little 3: Big Photo Adventure,PS2,2005.0,Platform,Sony Computer Entertainment,0.04,0.03,0.0,0.01,0.08
1205,Star Wars: The Force Unleashed II,PS3,2010.0,Action,LucasArts,0.8,0.53,0.0,0.22,1.55
10984,Running Wild,PS,1997.0,Racing,989 Studios,0.05,0.03,0.0,0.01,0.09
9319,Tom Clancy's Ghost Recon,Wii,2010.0,Shooter,Ubisoft,0.11,0.01,0.0,0.01,0.14
4832,18 Wheeler: American Pro Trucker,PS2,2001.0,Racing,Acclaim Entertainment,0.2,0.15,0.0,0.05,0.4
13361,Full Spectrum Warrior: Ten Hammers,XB,2006.0,Strategy,THQ,0.03,0.01,0.0,0.0,0.05
13981,Gumby vs. the Astrobots,GBA,2005.0,Action,Namco Bandai Games,0.03,0.01,0.0,0.0,0.04
8997,Ys: The Oath in Felghana,PSP,2010.0,Role-Playing,Falcom Corporation,0.09,0.0,0.04,0.01,0.14
4679,Attack on Titan: Humanity in Chains,3DS,2013.0,Action,Screenlife,0.0,0.0,0.41,0.0,0.41
9507,Ape Escape 3,PS2,2005.0,Platform,Sony Computer Entertainment,0.06,0.05,0.0,0.02,0.13
11435,"3 in 1: Solitaire, Mahjong & Tangram",DS,2010.0,Misc,Deep Silver,0.0,0.07,0.0,0.01,0.08
16486,Hospital Tycoon,PC,2007.0,Strategy,Codemasters,0.0,0.01,0.0,0.0,0.01
1768,Kaboom!,2600,1980.0,Misc,Activision,1.07,0.07,0.0,0.01,1.15
15711,Post Mortem,PC,2003.0,Adventure,Microids,0.0,0.01,0.0,0.0,0.02
8275,Fight Night Round 2,GC,2005.0,Fighting,Electronic Arts,0.13,0.03,0.0,0.0,0.17
7669,Gladius,PS2,2003.0,Strategy,Activision,0.1,0.08,0.0,0.03,0.2
4790,Tak and the Power of Juju,GC,2003.0,Platform,THQ,0.31,0.08,0.0,0.01,0.4
2944,The LEGO Movie Videogame,3DS,2014.0,Action,Warner Bros. Interactive Entertainment,0.28,0.31,0.05,0.05,0.69
1684,PokéPark Wii: Pikachu's Adventure,Wii,2009.0,Adventure,Nintendo,0.55,0.17,0.42,0.06,1.2
5514,Pitfall 3D: Beyond the Jungle,PS,1998.0,Platform,Activision,0.18,0.12,0.0,0.02,0.33
3457,Rayman Origins,Wii,2011.0,Platform,Ubisoft,0.23,0.29,0.0,0.07,0.58
3012,Need for Speed Rivals,XOne,2013.0,Racing,Electronic Arts,0.45,0.17,0.0,0.05,0.67
13141,"Warhammer 40,000: Dawn of War",PC,2004.0,Strategy,THQ,0.01,0.03,0.0,0.01,0.05
8470,Vehicular Combat League presents Motor Mayhem,PS2,2001.0,Racing,Atari,0.08,0.06,0.0,0.02,0.16
15039,Tokyo Xanadu eX+,PS4,2016.0,Role-Playing,Nihon Falcom Corporation,0.0,0.0,0.02,0.0,0.02
11020,Obscure: The Aftermath,PSP,2009.0,Action,Playlogic Game Factory,0.05,0.03,0.0,0.02,0.09
13732,GoGo's Crazy Bones,DS,2012.0,Action,GameMill Entertainment,0.0,0.04,0.0,0.0,0.04
9115,Mr. Driller: Drill Spirits,DS,2004.0,Puzzle,Nintendo,0.08,0.0,0.05,0.01,0.14
13545,White Album 2: Shiawase no Mukougawa,PS3,2012.0,Adventure,Aqua Plus,0.0,0.0,0.04,0.0,0.04
16370,Dance with Devils,PSV,2016.0,Action,Unknown,0.0,0.0,0.01,0.0,0.01
4327,Moshi Monsters: Moshlings Theme Park,DS,2012.0,Misc,Activision,0.03,0.37,0.0,0.05,0.45
6537,Batman: Vengeance,GC,2001.0,Adventure,Ubisoft,0.2,0.05,0.0,0.01,0.26
6550,Crash Nitro Kart,GC,2003.0,Racing,Vivendi Games,0.2,0.05,0.0,0.01,0.26
15101,ScrapLand,XB,2005.0,Action,Deep Silver,0.02,0.0,0.0,0.0,0.02
15844,Usavichi: Game no Jikan,DS,2011.0,Action,Namco Bandai Games,0.0,0.0,0.02,0.0,0.02
12379,Star Trek: Tactical Assault,DS,2006.0,Strategy,Ubisoft,0.05,0.01,0.0,0.0,0.06
63,Halo: Reach,X360,2010.0,Shooter,Microsoft Game Studios,7.03,1.98,0.08,0.78,9.88
5817,Disney's Stitch: Experiment 626,PS2,2002.0,Action,Sony Computer Entertainment,0.15,0.12,0.0,0.04,0.31
3937,Dragon Ball Z: Supersonic Warriors,GBA,2004.0,Fighting,Atari,0.36,0.13,0.0,0.01,0.51
15708,Sarah: Keeper of the Unicorn,DS,2009.0,Adventure,DreamCatcher Interactive,0.02,0.0,0.0,0.0,0.02
12352,Pro Yaky? Spirits 2013,PSV,2013.0,Sports,Konami Digital Entertainment,0.0,0.0,0.06,0.0,0.06
8332,Dragon Ball GT: Game Boy Advance Video Volume 1,GBA,2004.0,Misc,Unknown,0.12,0.05,0.0,0.0,0.17
11143,Major League Baseball 2K12,PSP,2012.0,Sports,Take-Two Interactive,0.08,0.0,0.0,0.01,0.09
14875,Battlefield 1942,PC,2002.0,Shooter,Electronic Arts,0.01,0.01,0.0,0.0,0.03
1413,Need for Speed: The Run,X360,2011.0,Action,Electronic Arts,0.63,0.58,0.0,0.15,1.38
9311,NHL Breakaway 98,PS,1996.0,Sports,Acclaim Entertainment,0.08,0.05,0.0,0.01,0.14
2126,Madden NFL 10,PS2,2009.0,Sports,Electronic Arts,0.88,0.0,0.0,0.1,0.98
11247,Astro Boy,PS2,2004.0,Action,Sega,0.04,0.03,0.0,0.01,0.09
11001,Cake Mania: Main Street,DS,2011.0,Simulation,Majesco Entertainment,0.09,0.0,0.0,0.01,0.09
5122,Yarudora Series Vol.1: Double Cast,PS,1998.0,Adventure,Sony Computer Entertainment,0.0,0.0,0.35,0.02,0.37
4750,Buzz! Junior: Jungle Party,PS2,2006.0,Misc,Sony Computer Entertainment,0.2,0.16,0.0,0.05,0.41
4181,Virtua Tennis 4: World Tour,PSV,2011.0,Sports,Sega,0.05,0.3,0.01,0.12,0.47
6159,Naruto Shippuden: Ultimate Ninja Storm 4,XOne,2016.0,Fighting,Namco Bandai Games,0.19,0.06,0.0,0.03,0.28
13607,Playmobil Top Agents,DS,2010.0,Action,JoWood Productions,0.0,0.04,0.0,0.0,0.04
553,Onimusha: Warlords,PS2,2001.0,Action,Virgin Interactive,0.99,0.48,1.09,0.14,2.7
346,Jak and Daxter: The Precursor Legacy,PS2,2001.0,Platform,Sony Computer Entertainment,2.08,1.09,0.15,0.33,3.64
12792,Backyard NFL Football '08,PS2,2007.0,Sports,Atari,0.03,0.02,0.0,0.01,0.06
13959,GoPets: Vacation Island,DS,2008.0,Simulation,Konami Digital Entertainment,0.03,0.0,0.0,0.0,0.04
11015,Space Chimps,Wii,2008.0,Platform,Brash Entertainment,0.08,0.0,0.0,0.01,0.09
12286,My Pet Chimp,DS,2010.0,Simulation,505 Games,0.06,0.0,0.0,0.0,0.06
10466,Learn Chess,DS,2009.0,Misc,DreamCatcher Interactive,0.1,0.0,0.0,0.01,0.1
10139,Lost in Blue,DS,2005.0,Adventure,Konami Digital Entertainment,0.07,0.02,0.02,0.01,0.11
7905,The Legend of Spyro: A New Beginning,GC,2006.0,Platform,Vivendi Games,0.15,0.04,0.0,0.01,0.19
16512,Trine,PC,2009.0,Action,Nobilis,0.0,0.01,0.0,0.0,0.01
1247,Puzzle & Dragons,3DS,2013.0,Role-Playing,GungHo,0.0,0.0,1.51,0.0,1.51
2221,Operation Flashpoint: Dragon Rising,X360,2009.0,Shooter,Codemasters,0.36,0.45,0.02,0.1,0.93
8608,Scripps Spelling Bee,DS,2010.0,Simulation,THQ,0.15,0.0,0.0,0.01,0.16
1199,Tom Clancy's Rainbow Six 3,XB,2003.0,Shooter,Ubisoft,0.91,0.57,0.0,0.07,1.55
1506,Deal or No Deal,Wii,2009.0,Misc,Zoo Games,1.22,0.0,0.0,0.09,1.31
5982,Up,X360,2009.0,Action,THQ,0.2,0.07,0.0,0.03,0.29
10182,Totally Spies! Totally Party,Wii,2008.0,Misc,Ubisoft,0.09,0.01,0.0,0.01,0.11
4085,Dead Space Extraction,Wii,2009.0,Shooter,Electronic Arts,0.33,0.11,0.01,0.04,0.48
12625,Backyard Skateboarding 2006,GBA,2004.0,Sports,Atari,0.04,0.02,0.0,0.0,0.06
3395,Medal of Honor: Frontline,GC,2002.0,Shooter,Electronic Arts,0.46,0.12,0.0,0.02,0.59
15800,Wall-E,PC,2008.0,Platform,THQ,0.0,0.01,0.0,0.0,0.02
10915,Pro Yakyuu Greatest Nine 98,SAT,1998.0,Sports,Sega,0.0,0.0,0.09,0.0,0.09
15579,Sega Ages 2500 Series Vol. 29: Monster World Complete Collection,PS2,2007.0,Role-Playing,Sega,0.0,0.0,0.02,0.0,0.02
2090,Ace Combat X: Skies of Deception,PSP,2006.0,Simulation,Namco Bandai Games,0.37,0.31,0.12,0.19,0.99
2896,Metal Gear Solid V: The Phantom Pain,XOne,2015.0,Action,Konami Digital Entertainment,0.37,0.26,0.01,0.06,0.71
226,Tony Hawk's Pro Skater 2,PS,2000.0,Sports,Activision,3.05,1.41,0.02,0.2,4.68
6875,Rock Band Track Pack Volume 2,Wii,2008.0,Misc,MTV Games,0.21,0.02,0.0,0.02,0.24
5518,Clock Tower 3,PS2,2002.0,Adventure,Capcom,0.1,0.08,0.12,0.03,0.33
7343,Bratz: Forever Diamondz,GC,2006.0,Adventure,THQ,0.17,0.04,0.0,0.01,0.21
3458,WWE 2K16,XOne,2015.0,Sports,Take-Two Interactive,0.31,0.22,0.0,0.05,0.58
1172,Guitar Hero: On Tour Decades,DS,2008.0,Misc,Activision,0.85,0.58,0.0,0.16,1.58
10849,NFL Blitz 20-02,XB,2002.0,Sports,Midway Games,0.07,0.02,0.0,0.0,0.09
13167,Yu-Gi-Oh! GX: Spirit Caller (Japan Sales),DS,2006.0,Misc,Konami Digital Entertainment,0.0,0.0,0.05,0.0,0.05
5281,Momotarou Dentetsu 12,PS2,2003.0,Misc,Hudson Soft,0.0,0.0,0.35,0.0,0.35
13377,Time Travelers,PSV,2012.0,Adventure,Level 5,0.0,0.0,0.05,0.0,0.05
13290,Wasteland 2,XOne,2015.0,Role-Playing,Deep Silver,0.04,0.01,0.0,0.0,0.05
7700,Shiren the Wanderer,Wii,2008.0,Role-Playing,Sega,0.08,0.0,0.11,0.01,0.2
1025,Uncharted: Golden Abyss,PSV,2011.0,Shooter,Sony Computer Entertainment,0.59,0.75,0.13,0.27,1.74
14339,Dragon's Dogma Online,PS3,2015.0,Role-Playing,Capcom,0.0,0.0,0.03,0.0,0.03
3057,Tony Hawk's Proving Ground,PS2,2007.0,Sports,Activision,0.55,0.02,0.0,0.09,0.66
4813,Battalion Wars,GC,2005.0,Strategy,Nintendo,0.25,0.07,0.07,0.01,0.4
8945,DrumMania,PS2,2000.0,Simulation,Konami Digital Entertainment,0.0,0.0,0.15,0.0,0.15
13092,Puyo Pop,GBA,2001.0,Puzzle,Sega,0.04,0.01,0.0,0.0,0.05
8993,Metal Slug 7,DS,2008.0,Shooter,Ignition Entertainment,0.13,0.0,0.01,0.01,0.15
2872,Godzilla: Destroy All Monsters Melee,GC,2002.0,Fighting,Atari,0.55,0.14,0.0,0.02,0.71
12741,SD Gundam G Generation Wars,Wii,2009.0,Strategy,Namco Bandai Games,0.0,0.0,0.06,0.0,0.06
8237,Street Fighter: The Movie,PS,1995.0,Fighting,Acclaim Entertainment,0.1,0.07,0.0,0.01,0.17
2316,Samba De Amigo,Wii,2008.0,Misc,Sega,0.42,0.37,0.01,0.1,0.9
8616,Ghost in the Shell: Stand Alone Complex,PS2,2004.0,Adventure,Namco Bandai Games,0.08,0.06,0.0,0.02,0.16
11863,Discovery Kids: Parrot Pals,DS,2009.0,Simulation,505 Games,0.07,0.0,0.0,0.0,0.07
12713,Chaos Rings III,PSV,2014.0,Role-Playing,Square Enix,0.0,0.0,0.06,0.0,0.06
8532,SD Gundam G Generation 3D,3DS,2011.0,Role-Playing,Namco Bandai Games,0.0,0.0,0.16,0.0,0.16
13121,Winning Post World,PS3,2009.0,Sports,Tecmo Koei,0.0,0.0,0.05,0.0,0.05
13812,Gummy Bears Mini Golf,Wii,2010.0,Sports,Unknown,0.04,0.0,0.0,0.0,0.04
505,Colin McRae Rally,PS,1998.0,Racing,Codemasters,0.09,2.43,0.12,0.22,2.87
5628,Dance Dance Revolution Universe,X360,2007.0,Simulation,Konami Digital Entertainment,0.3,0.0,0.0,0.02,0.32
11786,Real Sound: Kaze no Riguretto,SAT,1997.0,Adventure,Warp,0.0,0.0,0.07,0.0,0.07
16034,Kono Aozora ni Yakusoku o: Tenohira no Rakuen,PSP,2009.0,Adventure,TGL,0.0,0.0,0.01,0.0,0.01
9931,Harukanaru Augusta 2: Masters,SNES,1993.0,Sports,T&E Soft,0.0,0.0,0.12,0.0,0.12
16262,Simple DS Series Vol. 41: The Bakudan Shori-Han,DS,2008.0,Action,D3Publisher,0.0,0.0,0.01,0.0,0.01
11571,Evil Dead: Regeneration,XB,2005.0,Action,THQ,0.06,0.02,0.0,0.0,0.08
8418,Lost Kingdoms,GC,2002.0,Role-Playing,Activision,0.1,0.02,0.04,0.0,0.17
14608,Hisshou Pachinko*Pachi-Slot Kouryaku Series DS Vol. 4: Shinseiki Evangelion - Saigo no Mono,DS,2009.0,Misc,D3Publisher,0.0,0.0,0.03,0.0,0.03
16039,Utawarerumono: Futari no Hakuoro,PS3,2016.0,Misc,Aqua Plus,0.0,0.0,0.01,0.0,0.01
9127,Project V6,PS,1998.0,Strategy,General Entertainment,0.0,0.0,0.13,0.01,0.14
1226,FIFA 17,XOne,2016.0,Sports,Electronic Arts,0.17,1.26,0.0,0.1,1.53
12001,The Sims 2: Seasons,PC,2007.0,Simulation,Electronic Arts,0.01,0.04,0.0,0.01,0.07
14842,Metal Saga,PS2,2005.0,Role-Playing,Success,0.01,0.01,0.0,0.0,0.03
529,Killzone 3,PS3,2011.0,Shooter,Sony Computer Entertainment,1.45,0.88,0.09,0.38,2.79
1624,Vigilante 8,PS,1998.0,Racing,Activision,0.68,0.47,0.0,0.08,1.23
6223,Guitar Hero: Van Halen,PS3,2009.0,Misc,Activision,0.14,0.09,0.0,0.04,0.28
10554,Water Sports,Wii,2009.0,Action,Avanquest,0.05,0.04,0.0,0.01,0.1
4486,Tongari Boushi to Mahou no Otana,DS,2010.0,Simulation,Konami Digital Entertainment,0.0,0.0,0.44,0.0,0.44
4572,Ben 10 Alien Force: Vilgax Attacks,DS,2009.0,Action,D3Publisher,0.22,0.16,0.0,0.04,0.42
5253,South Park Rally,PS,1998.0,Racing,Acclaim Entertainment,0.2,0.13,0.0,0.02,0.36
11504,Midway Arcade Treasures 3,XB,2005.0,Misc,Midway Games,0.06,0.02,0.0,0.0,0.08
14035,Power Play Pool,DS,2006.0,Sports,System 3 Arcade Software,0.03,0.0,0.0,0.0,0.04
15437,Horrid Henry: Missions of Mischief,Wii,2010.0,Adventure,SouthPeak Games,0.0,0.02,0.0,0.0,0.02
8733,Bomberman,PSP,2006.0,Puzzle,Konami Digital Entertainment,0.14,0.0,0.0,0.01,0.15
9094,Okami,PS3,2012.0,Action,Capcom,0.0,0.0,0.14,0.0,0.14
848,LEGO Marvel Super Heroes,PS3,2013.0,Action,Warner Bros. Interactive Entertainment,0.77,0.85,0.01,0.37,2.0
10355,Tiger Woods PGA Tour 06,GC,2005.0,Sports,Electronic Arts,0.08,0.02,0.0,0.0,0.11
3266,SpongeBob's Atlantis SquarePantis,Wii,2007.0,Action,THQ,0.57,0.01,0.0,0.04,0.62
11601,Grease Dance,PS3,2011.0,Misc,505 Games,0.05,0.02,0.0,0.01,0.08
3165,NieR,PS3,2010.0,Role-Playing,Square Enix,0.17,0.2,0.2,0.07,0.64
4880,Just Dance 2014,PS3,2013.0,Misc,Ubisoft,0.17,0.15,0.0,0.07,0.39
11943,Damnation,X360,2009.0,Shooter,Codemasters,0.06,0.01,0.0,0.01,0.07
8777,Project Sylpheed: Arc of Deception,X360,2006.0,Shooter,Microsoft Game Studios,0.12,0.01,0.02,0.01,0.15
5864,Famista '91,NES,1990.0,Sports,Namco Bandai Games,0.0,0.0,0.3,0.0,0.3
11490,Persona 4: Arena Ultimax,X360,2014.0,Fighting,Atlus,0.06,0.01,0.0,0.01,0.08
6405,NBA ShootOut 2001,PS,2000.0,Sports,Sony Computer Entertainment,0.15,0.1,0.0,0.02,0.27
15571,Micro Machines V4,PSP,2006.0,Racing,Codemasters,0.01,0.0,0.0,0.0,0.02
1001,Call of Duty: Black Ops 3,X360,2015.0,Shooter,Activision,1.11,0.48,0.0,0.16,1.76
3448,NHL 15,PS4,2014.0,Sports,Electronic Arts,0.3,0.18,0.0,0.1,0.58
7711,Power Rangers: Time Force,GBA,2001.0,Action,THQ,0.14,0.05,0.0,0.0,0.2
1120,Tiger Woods PGA Tour 2003,PS2,2002.0,Sports,Electronic Arts,0.8,0.63,0.0,0.21,1.64
14742,La Pucelle: Ragnarok,PSP,2009.0,Role-Playing,Nippon Ichi Software,0.0,0.0,0.03,0.0,0.03
9300,Kamen Rider Battle: Ganbaride,DS,2010.0,Strategy,Namco Bandai Games,0.0,0.0,0.14,0.0,0.14
15617,Koisuru Otome to Shugo no Tate Portable,PSP,2010.0,Adventure,Alchemist,0.0,0.0,0.02,0.0,0.02
10377,Final Fantasy XII International Zodiac Job System,PS2,2007.0,Role-Playing,Square Enix,0.0,0.0,0.11,0.0,0.11
1354,Triple Play 2000,PS,1999.0,Sports,Electronic Arts,0.79,0.54,0.0,0.09,1.43
15590,Gakken DS: Shin TOEIC Test Kanzen Kouryaku,DS,2007.0,Misc,Gakken,0.0,0.0,0.02,0.0,0.02
4391,WWE WrestleMania 21,XB,2005.0,Fighting,THQ,0.34,0.1,0.0,0.02,0.45
15784,Gears of War,PC,2007.0,Shooter,Microsoft Game Studios,0.0,0.01,0.0,0.0,0.02
16375,"Crouching Tiger, Hidden Dragon",XB,2003.0,Action,Ubisoft,0.01,0.0,0.0,0.0,0.01
16353,Kenka Banchou Portable,PSP,2009.0,Action,Spike,0.0,0.0,0.01,0.0,0.01
15968,Sengoku,PC,2011.0,Strategy,Paradox Interactive,0.0,0.01,0.0,0.0,0.02
6394,Cake Mania 2: Jill's Next Adventure!,DS,2008.0,Puzzle,Majesco Entertainment,0.24,0.0,0.0,0.02,0.27
7856,Sudeki,XB,2004.0,Role-Playing,Microsoft Game Studios,0.14,0.04,0.0,0.01,0.19
5875,Jonas,DS,2009.0,Adventure,Disney Interactive Studios,0.28,0.0,0.0,0.02,0.3
7445,The Last Airbender,Wii,2010.0,Action,THQ,0.12,0.07,0.0,0.02,0.21
10110,Let's Play Garden,DS,2010.0,Simulation,Deep Silver,0.11,0.0,0.0,0.01,0.11
2441,Castlevania III: Dracula's Curse,NES,1989.0,Platform,Konami Digital Entertainment,0.4,0.07,0.37,0.01,0.85
7409,Cabela's Deer Hunt: 2004 Season,XB,2003.0,Sports,Activision Value,0.16,0.05,0.0,0.01,0.21
2590,Star Wars: The Force Unleashed II,Wii,2010.0,Action,LucasArts,0.54,0.19,0.0,0.06,0.8
15160,Ukiyo no Roushi,PSV,2015.0,Action,Unknown,0.0,0.0,0.02,0.0,0.02
9148,NBA ShootOut 2002,PS,2001.0,Sports,Sony Computer Entertainment,0.08,0.05,0.0,0.01,0.14
7799,Descent,PS,1996.0,Shooter,Interplay,0.11,0.07,0.0,0.01,0.19
4841,Mafia II,PC,2010.0,Action,Take-Two Interactive,0.17,0.17,0.0,0.06,0.4
8060,Hatsune Miku and Future Stars: Project Mirai,3DS,2012.0,Misc,Sega,0.0,0.0,0.18,0.0,0.18
7601,Afro Samurai,PS3,2009.0,Action,Atari,0.12,0.05,0.0,0.03,0.2
5053,Taiko no Tatsujin Portable DX,PSP,2011.0,Misc,Namco Bandai Games,0.0,0.0,0.38,0.0,0.38
5745,SD Gundam G Generation Wars,PS2,2009.0,Strategy,Namco Bandai Games,0.0,0.0,0.31,0.0,0.31
8130,Tiger Woods PGA Tour 2004,GBA,2003.0,Sports,Electronic Arts,0.13,0.05,0.0,0.0,0.18
5311,Resident Evil: Dead Aim,PS2,2003.0,Action,Capcom,0.17,0.13,0.0,0.04,0.35
1312,LEGO Batman 2: DC Super Heroes,Wii,2012.0,Action,Warner Bros. Interactive Entertainment,0.94,0.4,0.0,0.11,1.46
12111,Ninja Warriors,SNES,1993.0,Action,Titus,0.0,0.0,0.07,0.0,0.07
12858,NFL Quarterback Club 2002,GC,2001.0,Sports,Acclaim Entertainment,0.04,0.01,0.0,0.0,0.05
6941,Rampage,2600,1988.0,Action,Activision,0.22,0.01,0.0,0.0,0.24
4514,Bionicle,PS2,2003.0,Action,Electronic Arts,0.21,0.17,0.0,0.06,0.43
5300,Def Jam Rapstar,Wii,2010.0,Misc,Konami Digital Entertainment,0.31,0.02,0.0,0.02,0.35
1592,Injustice: Gods Among Us,PS3,2013.0,Fighting,Warner Bros. Interactive Entertainment,0.48,0.53,0.01,0.23,1.25
551,Call of Duty 3,X360,2006.0,Shooter,Activision,1.49,0.93,0.02,0.27,2.71
14775,My Frogger: Toy Trials,DS,2006.0,Action,Konami Digital Entertainment,0.02,0.0,0.0,0.0,0.03
105,Need for Speed Underground,PS2,2003.0,Racing,Electronic Arts,3.27,2.83,0.08,1.02,7.2
1734,Rage Racer,PS,1996.0,Racing,Sony Computer Entertainment,0.16,0.11,0.83,0.08,1.17
1806,Derby Stallion 99,PS,1999.0,Sports,ASCII Entertainment,0.0,0.0,1.06,0.07,1.13
12397,Championship Surfer,PS,2000.0,Sports,Mattel Interactive,0.03,0.02,0.0,0.0,0.06
11468,The Sims 3: Fast Lane Stuff,PC,2010.0,Simulation,Electronic Arts,0.01,0.05,0.0,0.02,0.08
9980,Sengoku Cyber: Fujimaru Jigokuhen,PS,1995.0,Strategy,Sony Computer Entertainment,0.0,0.0,0.11,0.01,0.12
12632,Gem Smashers,Wii,2011.0,Platform,Crave Entertainment,0.05,0.0,0.0,0.0,0.06
11656,Ro-Kyu-Bu!,PSP,2011.0,Adventure,Kadokawa Shoten,0.0,0.0,0.08,0.0,0.08
13941,Ski-Doo Snowmobile Challenge,X360,2009.0,Racing,Valcon Games,0.03,0.0,0.0,0.0,0.04
9118,MX vs. ATV Reflex,DS,2009.0,Racing,THQ,0.13,0.0,0.0,0.01,0.14
1525,Digimon World,PS,1999.0,Role-Playing,Namco Bandai Games,0.56,0.38,0.28,0.08,1.3
13170,Chousoku Henkei Gyrozetter: Albatross no Tsubasa,3DS,2013.0,Role-Playing,Square Enix,0.0,0.0,0.05,0.0,0.05
809,Skate 3,PS3,2010.0,Sports,Electronic Arts,0.79,0.94,0.0,0.35,2.08
5041,EA Sports MMA,PS3,2010.0,Fighting,Electronic Arts,0.16,0.15,0.01,0.06,0.38
7341,The Amazing Spider-Man 2 (2014),XOne,2014.0,Action,Activision,0.12,0.07,0.0,0.02,0.21
14522,Petz: Dolphinz Encounter,DS,2009.0,Simulation,Ubisoft,0.01,0.01,0.0,0.0,0.03
15684,Stronghold Legends,PC,2006.0,Strategy,Take-Two Interactive,0.0,0.01,0.0,0.0,0.02
13655,Gravity Falls: Legend of the Gnome Gemulets,3DS,2015.0,Action,Ubisoft,0.03,0.0,0.0,0.0,0.04
515,Assassin's Creed: Brotherhood,PS3,2010.0,Action,Ubisoft,1.87,0.57,0.11,0.3,2.84
11437,Outlaw Golf,GC,2002.0,Sports,TDK Mediactive,0.06,0.02,0.0,0.0,0.08
7018,The Incredible Hulk: Ultimate Destruction,XB,2005.0,Action,Vivendi Games,0.17,0.05,0.0,0.01,0.23
11565,Lost in Blue: Shipwrecked,Wii,2008.0,Adventure,Konami Digital Entertainment,0.07,0.0,0.0,0.01,0.08
14104,Zenkoku Dekotora Matsuri,Wii,2008.0,Racing,Jaleco,0.0,0.0,0.03,0.0,0.03
13481,Backyard Baseball '09,Wii,2008.0,Sports,Atari,0.04,0.0,0.0,0.0,0.04
2724,Legends of Wrestling,PS2,2001.0,Fighting,Acclaim Entertainment,0.37,0.29,0.0,0.1,0.76
1508,Rugrats Studio Tour,PS,1999.0,Adventure,THQ,0.57,0.67,0.0,0.07,1.31
12209,Karaoke Revolution Party,XB,2005.0,Misc,Konami Digital Entertainment,0.05,0.01,0.0,0.0,0.07
4824,NCAA GameBreaker 2000,PS,1999.0,Sports,989 Studios,0.22,0.15,0.0,0.03,0.4
9700,Zen-Nippon Pro Wrestling: Ouja no Kon,PS,1999.0,Fighting,Human Entertainment,0.0,0.0,0.12,0.01,0.12
3330,Game & Watch Gallery 4,GBA,2002.0,Misc,Nintendo,0.43,0.16,0.0,0.01,0.61
15858,Drakensang: The Dark Eye,PC,2009.0,Role-Playing,Eidos Interactive,0.01,0.0,0.0,0.0,0.02
5883,Daikaijyuu Monogatari,SNES,1994.0,Role-Playing,Hudson Soft,0.0,0.0,0.3,0.0,0.3
7465,Marvel Super Hero Squad: Comic Combat,PS3,2011.0,Action,THQ,0.11,0.07,0.0,0.03,0.21
12816,Jikkyou Powerful Pro Yakyuu DreamCast Edition,DC,2000.0,Sports,Konami Digital Entertainment,0.0,0.0,0.06,0.0,0.06
11538,The Croods: Prehistoric Party!,DS,2013.0,Misc,D3Publisher,0.03,0.04,0.0,0.01,0.08
5436,Avatar: The Last Airbender,DS,2006.0,Adventure,THQ,0.3,0.01,0.0,0.03,0.34
3761,Clock Tower,PS,1996.0,Adventure,ASCII Entertainment,0.07,0.05,0.38,0.03,0.53
7735,Dexter's Lab Chess Challenge,GBA,2002.0,Misc,BAM! Entertainment,0.14,0.05,0.0,0.0,0.2
1231,Sonic Rivals 2,PSP,2007.0,Racing,Sega,0.44,0.69,0.0,0.39,1.52
10566,NHL 2004,GC,2003.0,Sports,Electronic Arts,0.08,0.02,0.0,0.0,0.1
11243,Rugby 15,XOne,2015.0,Sports,Bigben Interactive,0.03,0.05,0.0,0.01,0.09
13370,Mafia,PC,2002.0,Action,Take-Two Interactive,0.0,0.04,0.0,0.01,0.05
8682,Rudolph the Red-Nosed Reindeer,DS,2010.0,Action,Crave Entertainment,0.15,0.0,0.0,0.01,0.16
15925,Gaku ? Ou: The Royal Seven Stars,PSP,2012.0,Role-Playing,Alchemist,0.0,0.0,0.02,0.0,0.02
836,Donkey Kong Country,GBA,2003.0,Platform,Nintendo,1.2,0.48,0.29,0.07,2.04
8084,Pro Yaky? Spirits 2011,PS3,2011.0,Sports,Konami Digital Entertainment,0.0,0.0,0.18,0.0,0.18
11532,Hidden Invasion,PS2,2001.0,Shooter,Swing! Entertainment,0.04,0.03,0.0,0.01,0.08
645,Need for Speed: ProStreet,PS2,2007.0,Racing,Electronic Arts,0.69,0.0,0.04,1.68,2.41
15247,Shooter: Starfighter Sanvein,PS,2000.0,Shooter,Midas Interactive Entertainment,0.01,0.01,0.0,0.0,0.02
6549,Legaia 2: Duel Saga,PS2,2001.0,Role-Playing,Eidos Interactive,0.13,0.1,0.0,0.03,0.26
14438,Gensou Suikoden I & II,PSP,2006.0,Role-Playing,Konami Digital Entertainment,0.0,0.0,0.03,0.0,0.03
2197,The Tomb Raider Trilogy,PS3,2011.0,Action,Square Enix,0.27,0.5,0.0,0.17,0.94
11387,Kamen Rider: Travelers Senki,3DS,2013.0,Action,Seventh Chord,0.0,0.0,0.08,0.0,0.08
7145,Killer is Dead,PS3,2013.0,Action,Deep Silver,0.12,0.04,0.05,0.02,0.22
4494,Classic NES Series: Metroid,GBA,2004.0,Adventure,Nintendo,0.26,0.1,0.07,0.01,0.43
5244,Company of Heroes 2,PC,2013.0,Strategy,THQ,0.06,0.25,0.0,0.05,0.36
12799,Space Chimps,DS,2008.0,Platform,Brash Entertainment,0.05,0.0,0.0,0.0,0.06
5152,Sid Meier's Civilization: Beyond Earth,PC,2014.0,Strategy,Take-Two Interactive,0.11,0.22,0.0,0.03,0.37
11230,Edna & Harvey: Harvey's New Eyes,PC,2011.0,Adventure,Rondomedia,0.0,0.07,0.0,0.01,0.09
8196,Scooby-Doo! Unmasked,GBA,2005.0,Platform,THQ,0.13,0.05,0.0,0.0,0.18
3278,Wall-E,X360,2008.0,Platform,THQ,0.29,0.26,0.0,0.07,0.62
5252,Toriko: Gourmet Survival!,PSP,2011.0,Role-Playing,Namco Bandai Games,0.0,0.0,0.36,0.0,0.36
12852,Samurai Warriors 4: Empires,PSV,2015.0,Action,Tecmo Koei,0.0,0.0,0.05,0.0,0.05
13232,Koihime Musou,PS2,2008.0,Adventure,Yeti,0.0,0.0,0.05,0.0,0.05
7554,Langrisser III,SAT,1996.0,Strategy,NCS,0.0,0.0,0.2,0.0,0.2
1585,NBA Live 2001,PS,2000.0,Sports,Electronic Arts,0.7,0.47,0.0,0.08,1.25
16311,Army Men: Air Combat - The Elite Missions,GC,2003.0,Shooter,3DO,0.01,0.0,0.0,0.0,0.01
1984,Forza Motorsport,XB,2005.0,Racing,Microsoft Game Studios,0.52,0.51,0.0,0.02,1.05
4440,Independence Day,PS,1997.0,Shooter,Fox Interactive,0.25,0.17,0.0,0.03,0.44
11097,Zoids Assault,X360,2007.0,Strategy,Takara Tomy,0.08,0.0,0.0,0.01,0.09
2183,Wild ARMs,PS,1996.0,Role-Playing,Sony Computer Entertainment,0.26,0.17,0.46,0.06,0.95
6179,Sesame Street: Elmo's A-to-Zoo Adventure,DS,2010.0,Misc,Warner Bros. Interactive Entertainment,0.27,0.0,0.0,0.02,0.28
6242,Warpath: Jurassic Park,PS,1998.0,Fighting,Electronic Arts,0.15,0.1,0.0,0.02,0.28
7597,Front Mission Evolved,X360,2010.0,Shooter,Square Enix,0.1,0.07,0.02,0.02,0.2
5722,Namco Museum: Virtual Arcade,X360,2008.0,Misc,Atari,0.27,0.01,0.01,0.02,0.31
15347,Airport Simulator,PC,2011.0,Simulation,Unknown,0.0,0.02,0.0,0.0,0.02
10454,Family Feud: 2012 Edition,X360,2011.0,Misc,Ubisoft,0.1,0.0,0.0,0.01,0.1
5748,KISS Pinball,PS,2001.0,Action,Take-Two Interactive,0.17,0.12,0.0,0.02,0.31
12572,Record of Lodoss War: Eiyuu Sensou,SCD,1994.0,Role-Playing,Sega,0.0,0.0,0.06,0.0,0.06
4268,EA Sports UFC,XOne,2014.0,Sports,Electronic Arts,0.3,0.12,0.0,0.04,0.46
3368,BeatMania Append 3rdMix,PS,1998.0,Simulation,Konami Digital Entertainment,0.0,0.0,0.56,0.04,0.6
5534,The Black Eyed Peas Experience,X360,2011.0,Misc,Ubisoft,0.2,0.1,0.0,0.03,0.33
833,Rayman Raving Rabbids: TV Party,Wii,2008.0,Misc,Ubisoft,0.73,1.09,0.0,0.23,2.04
9491,TRON: Evolution,PSP,2010.0,Action,Disney Interactive Studios,0.09,0.02,0.0,0.02,0.13
7765,Steins;Gate,PSP,2011.0,Adventure,Kadokawa Shoten,0.0,0.0,0.19,0.0,0.19
1442,FIFA Soccer 08,PSP,2007.0,Sports,Electronic Arts,0.2,0.76,0.0,0.39,1.35
12479,Sacred 2: Fallen Angel,PC,2008.0,Role-Playing,Ascaron Entertainment GmbH,0.0,0.05,0.0,0.01,0.06
5016,ESPN Extreme Games,PS,1994.0,Sports,Sony Computer Entertainment,0.11,0.08,0.17,0.03,0.38
16403,Pro Evolution Soccer 2010,PC,2009.0,Sports,Konami Digital Entertainment,0.0,0.01,0.0,0.0,0.01
13527,Sonic the Hedgehog 2 (8-bit),GG,1992.0,Platform,Sega,0.0,0.0,0.04,0.0,0.04
9234,Ape Escape Academy (jp sales),PSP,2004.0,Misc,Sony Computer Entertainment,0.0,0.0,0.13,0.0,0.14
8304,RoadKill,PS2,2003.0,Action,Midway Games,0.08,0.07,0.0,0.02,0.17
14260,Garfield: A Tale of Two Kitties,DS,2006.0,Platform,Game Factory,0.03,0.0,0.0,0.0,0.03
5703,Fuel,X360,2009.0,Racing,Codemasters,0.09,0.19,0.0,0.04,0.31
13163,Tokimeki Memorial Girl's Side 2nd Kiss,PS2,2006.0,Adventure,Konami Digital Entertainment,0.0,0.0,0.05,0.0,0.05
15623,Bakumatsu Renka: Karyuu Kenshi-den,PS2,2007.0,Adventure,D3Publisher,0.0,0.0,0.02,0.0,0.02
8147,Atari Anniversary Edition Redux,PS,2000.0,Misc,Infogrames,0.1,0.07,0.0,0.01,0.18
13212,ZooCube,GBA,2002.0,Puzzle,Acclaim Entertainment,0.03,0.01,0.0,0.0,0.05
8379,MotoGP 15,PS4,2015.0,Racing,Milestone S.r.l.,0.0,0.12,0.03,0.02,0.17
9466,Mega Man Anniversary Collection,XB,2005.0,Platform,Capcom,0.1,0.03,0.0,0.0,0.13
16467,Egg Mania: Eggstreme Madness,GC,2002.0,Puzzle,Kemco,0.01,0.0,0.0,0.0,0.01
7901,God Eater Resurrection,PSV,2015.0,Action,Namco Bandai Games,0.0,0.0,0.19,0.0,0.19
7174,Ford vs. Chevy,PS2,2005.0,Racing,Global Star,0.11,0.09,0.0,0.03,0.22
1005,Madden NFL 2000,PS,1998.0,Sports,Electronic Arts,1.68,0.04,0.0,0.04,1.75
16228,Soshite Kono Uchuu ni Kirameku Kimi no Shi XXX,PS2,2007.0,Adventure,Datam Polystar,0.0,0.0,0.01,0.0,0.01
15162,Warriors of the Lost Empire (JP sales),PSP,2007.0,Role-Playing,Mercury Games,0.0,0.0,0.02,0.0,0.02
15312,War Leaders: Clash of Nations,PC,2009.0,Strategy,CDV Software Entertainment,0.0,0.02,0.0,0.0,0.02
5484,Dead or Alive 5,PS4,2015.0,Fighting,Tecmo Koei,0.09,0.13,0.08,0.04,0.33
116,Uncharted 3: Drake's Deception,PS3,2011.0,Action,Sony Computer Entertainment,2.77,2.8,0.19,1.06,6.83
8027,Dynasty Warriors 8: Empires,PS4,2014.0,Action,Tecmo Koei,0.06,0.07,0.03,0.02,0.18
15414,Backyard Baseball '09,PS2,2008.0,Sports,Atari,0.01,0.01,0.0,0.0,0.02
13888,Bullet Girls 2,PSV,2016.0,Action,D3Publisher,0.0,0.0,0.04,0.0,0.04
15040,Major Dream: Major DS Dream Baseball,DS,2008.0,Sports,Takara Tomy,0.0,0.0,0.02,0.0,0.02
11929,Galerians: Ash,PS2,2002.0,Adventure,Sammy Corporation,0.03,0.03,0.0,0.01,0.07
16247,Valentino Rossi: The Game,PC,2016.0,Racing,Namco Bandai Games,0.0,0.01,0.0,0.0,0.01
14210,Detective Conan: Phantom Rhapsody,3DS,2014.0,Action,Namco Bandai Games,0.0,0.0,0.03,0.0,0.03
4726,Fantastic Pets,X360,2011.0,Simulation,THQ,0.3,0.08,0.0,0.03,0.41
7784,Great Phoenix Wright: Ace Attorney - Naruhodou Ryuunosuke no Bouken,3DS,2015.0,Action,Capcom,0.0,0.0,0.19,0.0,0.19
6647,Amped 2,XB,2003.0,Sports,Microsoft Game Studios,0.2,0.04,0.0,0.01,0.25
16309,Full Auto 2: Battlelines,PSP,2007.0,Racing,Sega,0.0,0.01,0.0,0.0,0.01
3781,Sesame Street: Once Upon A Monster,X360,2011.0,Misc,Warner Bros. Interactive Entertainment,0.39,0.1,0.0,0.04,0.53
12447,Chevrolet Camaro: Wild Ride,Wii,2010.0,Racing,Storm City Games,0.06,0.0,0.0,0.0,0.06
1210,Dead Rising 3,XOne,2013.0,Action,Microsoft Game Studios,1.06,0.35,0.01,0.12,1.54
4097,Silent Hill: Shattered Memories,Wii,2009.0,Action,Konami Digital Entertainment,0.23,0.19,0.01,0.05,0.48
16170,Order Up!!,3DS,2011.0,Action,Funbox Media,0.0,0.01,0.0,0.0,0.01
13858,Sid Meier's Railroads!,PC,2006.0,Simulation,Take-Two Interactive,0.01,0.03,0.0,0.01,0.04
12736,Dungeon Explorer: Warriors of Ancient Arts,DS,2007.0,Role-Playing,Rising Star Games,0.05,0.0,0.0,0.0,0.06
7289,Sports Car GT,PS,1999.0,Racing,Electronic Arts,0.12,0.08,0.0,0.01,0.22
14906,Evangelion: Jo,PS2,2009.0,Action,Namco Bandai Games,0.0,0.0,0.03,0.0,0.03
2450,Kirby: Planet Robobot,3DS,2016.0,Action,Nintendo,0.26,0.1,0.44,0.04,0.85
5702,Might & Magic Heroes VI,PC,2011.0,Role-Playing,Ubisoft,0.12,0.14,0.0,0.05,0.31
5683,Momotarou Dentetsu Happy,SNES,1996.0,Misc,Hudson Soft,0.0,0.0,0.32,0.0,0.32
6914,My Street,PS2,2003.0,Misc,Sony Computer Entertainment,0.12,0.09,0.0,0.03,0.24
3151,LEGO Marvel's Avengers,PS4,2016.0,Action,Warner Bros. Interactive Entertainment,0.25,0.29,0.0,0.1,0.64
11132,El Tigre: The Adventures of Manny Rivera,DS,2007.0,Platform,THQ,0.08,0.0,0.0,0.01,0.09
12973,Game no Kanzume Vol 2,SCD,1994.0,Misc,Sega,0.0,0.0,0.05,0.0,0.05
12798,Elemental Gearbolt,PS,1997.0,Shooter,Sony Computer Entertainment,0.03,0.02,0.0,0.0,0.06
9335,Backyard Soccer,PS,2001.0,Sports,Infogrames,0.07,0.05,0.0,0.01,0.13
7206,KORG DS-10 Synthesizer,DS,2008.0,Misc,AQ Interactive,0.2,0.01,0.0,0.02,0.22
7933,Momotarou Dentetsu World,DS,2010.0,Misc,Hudson Soft,0.0,0.0,0.19,0.0,0.19
13948,Railroad Tycoon 3,PC,2003.0,Strategy,Gathering of Developers,0.0,0.03,0.0,0.01,0.04
3191,Juiced 2: Hot Import Nights,X360,2007.0,Racing,THQ,0.22,0.34,0.0,0.07,0.63
14632,Hyakumanton no Bara Bara,PSP,2010.0,Strategy,Sony Computer Entertainment,0.0,0.0,0.03,0.0,0.03
767,SimCity 2000,PC,1992.0,Simulation,Maxis,1.2,0.84,0.0,0.1,2.14
13294,Jewel Quest Mysteries,DS,2009.0,Puzzle,Astragon,0.03,0.01,0.0,0.0,0.05
5084,Solaris,2600,1986.0,Shooter,Atari,0.35,0.02,0.0,0.0,0.37
14133,NHRA Drag Racing: Countdown to the Championship,PSP,2007.0,Racing,THQ,0.03,0.0,0.0,0.0,0.03
5672,The Conveni: Ano Machi wo Dokusen Seyo,PS,1997.0,Simulation,Human Entertainment,0.0,0.0,0.3,0.02,0.32
5793,NHL FaceOff 2000,PS,1998.0,Sports,Sony Computer Entertainment,0.17,0.12,0.0,0.02,0.31
13239,Barnyard,GBA,2006.0,Action,THQ,0.03,0.01,0.0,0.0,0.05
11060,Porsche Challenge,PS,1997.0,Racing,Sony Computer Entertainment,0.05,0.03,0.0,0.01,0.09
6865,Jikkyou Powerful Pro Yakyuu 15,PS2,2008.0,Sports,Konami Digital Entertainment,0.0,0.0,0.24,0.0,0.24
211,Uncharted: Drake's Fortune,PS3,2007.0,Action,Sony Computer Entertainment,2.31,1.73,0.12,0.78,4.94
14376,Brothers Conflict: Brilliant Blue,PSP,2013.0,Adventure,Idea Factory,0.0,0.0,0.03,0.0,0.03
3959,Midnight Club II,XB,2003.0,Racing,Take-Two Interactive,0.42,0.06,0.0,0.02,0.5
1367,Tomb Raider (2013),PS4,2014.0,Action,Square Enix,0.47,0.64,0.06,0.25,1.41
3843,NBA Live 09,PS3,2008.0,Sports,Electronic Arts,0.46,0.0,0.02,0.04,0.52
9122,Sphinx and the Cursed Mummy,GC,2003.0,Action,THQ,0.11,0.03,0.0,0.0,0.14
3055,Shaun White Snowboarding,PS3,2008.0,Sports,Ubisoft,0.31,0.24,0.01,0.1,0.66
577,Midnight Club: Street Racing,PS2,2000.0,Racing,Take-Two Interactive,2.0,0.47,0.02,0.14,2.63
6899,Front Mission: Gun Hazard,SNES,1996.0,Role-Playing,SquareSoft,0.0,0.0,0.24,0.0,0.24
5641,Frogger's Adventures: The Rescue,PS2,2003.0,Platform,Konami Digital Entertainment,0.16,0.12,0.0,0.04,0.32
2688,Sonic Unleashed,PS2,2008.0,Platform,Sega,0.37,0.04,0.0,0.36,0.76
520,Metroid Prime,GC,2002.0,Shooter,Nintendo,1.96,0.67,0.1,0.09,2.82
196,Guitar Hero II,PS2,2006.0,Misc,RedOctane,3.81,0.63,0.0,0.68,5.12
5437,Battlefield: Hardline,X360,2015.0,Shooter,Electronic Arts,0.17,0.14,0.0,0.03,0.34
3678,Tak and the Power of Juju,GBA,2003.0,Platform,THQ,0.39,0.15,0.0,0.01,0.55
4906,FIFA 12,3DS,2011.0,Sports,Electronic Arts,0.08,0.26,0.0,0.05,0.39
11637,Aliens in the Attic,Wii,2009.0,Action,Playlogic Game Factory,0.07,0.0,0.0,0.01,0.08
12323,Zill O'll Infinite Plus,PSP,2009.0,Role-Playing,Tecmo Koei,0.0,0.0,0.06,0.0,0.06
8537,NASCAR '14,X360,2014.0,Racing,Deep Silver,0.15,0.0,0.0,0.01,0.16
217,God of War III,PS3,2010.0,Action,Sony Computer Entertainment,2.74,1.36,0.12,0.63,4.84
15864,Arcana Famiglia 2,PSP,2013.0,Adventure,Comfort,0.0,0.0,0.02,0.0,0.02
803,Need For Speed: Undercover,PS3,2008.0,Racing,Electronic Arts,0.63,1.02,0.05,0.39,2.08
11010,Justice League Heroes,DS,2006.0,Role-Playing,Eidos Interactive,0.08,0.0,0.0,0.01,0.09
13707,Shiren the Wanderer 4 - God's Eye and the Demon's Navel,PSP,2012.0,Role-Playing,Spike,0.0,0.0,0.04,0.0,0.04
1183,NCAA Football 2002,PS2,2001.0,Sports,Electronic Arts,0.77,0.6,0.0,0.2,1.57
7883,Warriors: Legends of Troy,PS3,2011.0,Action,Tecmo Koei,0.06,0.05,0.07,0.02,0.19
10292,Akiba's Trip: Undead & Undressed,PS3,2013.0,Action,Nippon Ichi Software,0.05,0.01,0.04,0.01,0.11
1411,Gardening Mama,DS,2009.0,Puzzle,505 Games,0.8,0.43,0.01,0.13,1.38
15999,Captain Morgane and the Golden Turtle,Wii,2012.0,Adventure,Reef Entertainment,0.0,0.01,0.0,0.0,0.01
2820,Shaun Palmer's Pro Snowboarder,PS2,2001.0,Sports,Codemasters,0.36,0.28,0.0,0.09,0.73
15064,Mage Knight: Destiny's Soldier,DS,2006.0,Strategy,Namco Bandai Games,0.02,0.0,0.0,0.0,0.02
3550,Bratz 4 Real,DS,2007.0,Adventure,THQ,0.29,0.22,0.0,0.06,0.57
8365,Fuzion Frenzy 2,X360,2007.0,Misc,Microsoft Game Studios,0.14,0.01,0.0,0.01,0.17
928,The Legend of Dragoon,PS,1999.0,Role-Playing,Sony Computer Entertainment,0.94,0.44,0.39,0.1,1.86
3049,Borderlands: The Pre-Sequel,PS3,2014.0,Shooter,Take-Two Interactive,0.25,0.26,0.05,0.11,0.67
5542,Naruto: Gekito Ninja Taisen! 4,GC,2005.0,Fighting,Tomy Corporation,0.0,0.0,0.32,0.01,0.33
7003,The Scorpion King: Rise of the Akkadian,PS2,2002.0,Action,Universal Interactive,0.11,0.09,0.0,0.03,0.23
15909,Tokyo Friend Park II DS,DS,2006.0,Misc,Rocket Company,0.0,0.0,0.02,0.0,0.02
8388,Gunvalkyrie,XB,2002.0,Shooter,Infogrames,0.13,0.04,0.0,0.01,0.17
8310,Tak: The Great Juju Challenge,GBA,2005.0,Platform,THQ,0.12,0.05,0.0,0.0,0.17
9625,Ben 10 Galactic Racing,Wii,2011.0,Racing,D3Publisher,0.08,0.03,0.0,0.01,0.13
3254,Evolve,XOne,2015.0,Shooter,Take-Two Interactive,0.36,0.2,0.0,0.06,0.62
9037,Dragon Age: Origins - Ultimate Edition,PC,2010.0,Role-Playing,Electronic Arts,0.0,0.12,0.0,0.02,0.14
13597,LEGO Indiana Jones: The Original Adventures,PC,2008.0,Action,LucasArts,0.02,0.02,0.0,0.01,0.04
1715,WWE SmackDown vs. Raw 2010,PS3,2009.0,Fighting,THQ,0.48,0.49,0.01,0.2,1.18
12482,World Series of Poker 2008: Battle for the Bracelets,DS,2007.0,Misc,Activision,0.05,0.0,0.0,0.0,0.06
2412,Tomb Raider: Anniversary,Wii,2007.0,Action,Eidos Interactive,0.12,0.63,0.0,0.11,0.86
193,Fable III,X360,2010.0,Role-Playing,Microsoft Game Studios,3.59,1.11,0.05,0.38,5.13
11004,Damnation,PS3,2009.0,Shooter,Codemasters,0.07,0.01,0.0,0.01,0.09
16440,The Cages: Pro Style Batting Practice,Wii,2010.0,Sports,Konami Digital Entertainment,0.01,0.0,0.0,0.0,0.01
8498,Bomberman Land,PS,2000.0,Misc,Hudson Soft,0.0,0.0,0.15,0.01,0.16
3966,Hitman: Blood Money,PS2,2006.0,Action,Eidos Interactive,0.25,0.19,0.0,0.06,0.5
11205,Adventure Time: The Secret of the Nameless Kingdom,X360,2014.0,Action,Little Orbit,0.0,0.08,0.0,0.01,0.09
11527,Gekijouban Madoka Magicka: The Battle Pentagram,PSV,2013.0,Action,Namco Bandai Games,0.0,0.0,0.08,0.0,0.08
11904,SpongeBob's Truth or Square,PSP,2009.0,Action,THQ,0.02,0.04,0.0,0.01,0.07
11267,Lara Croft and the Temple of Osiris,PS4,2014.0,Action,Square Enix,0.0,0.07,0.0,0.01,0.08
10956,The Idolmaster: Platinum Stars,PS4,2016.0,Simulation,Namco Bandai Games,0.0,0.0,0.09,0.0,0.09
16463,"Horse Life 4: My Horse, My Friend, My Champion",3DS,2015.0,Action,Unknown,0.0,0.01,0.0,0.0,0.01
13500,Shin Fortune Quest: Sokutaku no Kishi,PS,1996.0,Misc,Media Works,0.0,0.0,0.04,0.0,0.04
15967,Curse of the Amsterdam Diamond,DS,2012.0,Puzzle,Easy Interactive,0.0,0.01,0.0,0.0,0.02
9537,Hour of Victory,X360,2007.0,Shooter,Midway Games,0.1,0.01,0.0,0.01,0.13
9627,Baroque,PS2,2007.0,Role-Playing,Rising Star Games,0.05,0.04,0.02,0.01,0.13
14457,Who Wants to be a Millionaire: 2nd Edition,Wii,2008.0,Misc,Ubisoft,0.0,0.03,0.0,0.0,0.03
15268,Whiteout,PS2,2002.0,Racing,Konami Digital Entertainment,0.01,0.01,0.0,0.0,0.02
5592,NCAA Basketball 10,X360,2009.0,Sports,Electronic Arts,0.3,0.0,0.0,0.02,0.32
10865,PAC-MAN and the Ghostly Adventures,3DS,2013.0,Platform,Namco Bandai Games,0.05,0.04,0.0,0.01,0.09
2228,White Knight Chronicles: International Edition,PS3,2008.0,Role-Playing,Sony Computer Entertainment,0.33,0.16,0.36,0.08,0.93
2491,Dance Central 3,X360,2012.0,Misc,Microsoft Game Studios,0.57,0.2,0.0,0.06,0.83
11076,Scrabble,PSP,2009.0,Misc,Electronic Arts,0.08,0.0,0.0,0.01,0.09
5541,Angry Birds Star Wars,PS3,2013.0,Strategy,Activision,0.1,0.17,0.0,0.06,0.33
682,The Legend of Zelda: Majora's Mask 3D,3DS,2015.0,Action,Nintendo,1.14,0.54,0.47,0.17,2.32
2104,Farming Simulator 2013,PC,2012.0,Simulation,Focus Home Interactive,0.0,0.8,0.0,0.18,0.99
1830,Guitar Hero 5,PS2,2009.0,Misc,Activision,0.28,0.3,0.0,0.54,1.12
1123,Kinectimals,X360,2010.0,Simulation,Microsoft Game Studios,1.02,0.48,0.0,0.14,1.64
15013,Serious Sam HD: Gold Edition,X360,2011.0,Shooter,Mastertronic,0.0,0.02,0.0,0.0,0.02
1137,Rage,X360,2011.0,Shooter,Bethesda Softworks,0.82,0.61,0.03,0.15,1.62
6675,Marie no Atelier: Salburg no Renkinjutsushi,PS,1997.0,Role-Playing,Gust,0.0,0.0,0.23,0.02,0.25
11134,Back to the Future: The Game,PS3,2011.0,Adventure,Telltale Games,0.07,0.01,0.0,0.01,0.09
2198,Colin McRae Rally 04,PS2,2003.0,Racing,Codemasters,0.01,0.71,0.01,0.21,0.94
7024,Lunar: Silver Star Story,SAT,1996.0,Role-Playing,Kadokawa Shoten,0.0,0.0,0.23,0.0,0.23
7015,ESPN NHL Hockey,PS2,2003.0,Sports,Sega,0.11,0.09,0.0,0.03,0.23
11341,X Rebirth,PC,2013.0,Simulation,Koch Media,0.0,0.08,0.0,0.01,0.08
1549,Manhunt,PS2,2003.0,Action,Take-Two Interactive,0.63,0.49,0.0,0.16,1.28
12237,12-Sai. Honto no Kimochi,3DS,2014.0,Adventure,Happinet,0.0,0.0,0.07,0.0,0.07
5709,NBA ShootOut,PS,1995.0,Sports,Sony Computer Entertainment,0.17,0.12,0.0,0.02,0.31
13639,Torino 2006,XB,2006.0,Sports,Take-Two Interactive,0.03,0.01,0.0,0.0,0.04
296,Far Cry 4,PS4,2014.0,Shooter,Ubisoft,1.12,2.12,0.1,0.69,4.03
7716,Baldur's Gate: Dark Alliance,XB,2002.0,Role-Playing,Virgin Interactive,0.15,0.04,0.0,0.01,0.2
13067,Arthur! Ready to Race,PS,2000.0,Racing,The Learning Company,0.03,0.02,0.0,0.0,0.05
15003,Wangan Midnight Portable,PSP,2007.0,Racing,Genki,0.0,0.0,0.02,0.0,0.02
5202,Kirby's Dream Land 3,SNES,1997.0,Platform,Nintendo,0.0,0.0,0.36,0.0,0.36
15526,uDraw Studio: Instant Artist,X360,2011.0,Misc,THQ,0.01,0.01,0.0,0.0,0.02
14211,Super Dodgeball Brawlers (jp sales),DS,2008.0,Sports,Arc System Works,0.0,0.0,0.03,0.0,0.03
13259,American Bass Challenge,GBA,2001.0,Sports,Starfish,0.03,0.01,0.0,0.0,0.05
734,Devil May Cry 3: Dante's Awakening Special Edition,PS2,2006.0,Action,Capcom,1.06,0.82,0.05,0.28,2.21
14696,Biohazard: Revival Selection,X360,2011.0,Action,Capcom,0.0,0.0,0.03,0.0,0.03
8029,Evolve,PC,2015.0,Shooter,Take-Two Interactive,0.07,0.1,0.0,0.01,0.18
610,Perfect Dark,N64,2000.0,Action,Nintendo,1.55,0.75,0.16,0.06,2.52
2231,LEGO Jurassic World,PS3,2015.0,Action,Warner Bros. Interactive Entertainment,0.34,0.44,0.0,0.15,0.93
9505,Nicktoons: MLB,X360,2011.0,Sports,Take-Two Interactive,0.12,0.0,0.0,0.01,0.13
9104,NFL Blitz 20-03,XB,2002.0,Sports,Midway Games,0.11,0.03,0.0,0.01,0.14
10767,Ice Age 2: The Meltdown,XB,2006.0,Platform,Vivendi Games,0.07,0.02,0.0,0.0,0.1
16485,Dragon Ball Z for Kinect,X360,2012.0,Fighting,Namco Bandai Games,0.01,0.0,0.0,0.0,0.01
9132,Bravo Air Race,PS,1997.0,Racing,THQ,0.08,0.05,0.0,0.01,0.14
7221,The Suffering,XB,2004.0,Action,Midway Games,0.16,0.05,0.0,0.01,0.22
11574,Evolution Worlds,GC,2002.0,Role-Playing,Ubisoft,0.06,0.02,0.0,0.0,0.08
1753,Mega Man X,SNES,1993.0,Platform,Capcom,0.57,0.08,0.5,0.01,1.16
9916,Backyard Wrestling 2: There Goes the Neighborhood,XB,2004.0,Fighting,Eidos Interactive,0.09,0.03,0.0,0.0,0.12
16456,Winx Club: Saving Alfea,3DS,2014.0,Action,Namco Bandai Games,0.0,0.01,0.0,0.0,0.01
3435,Backyard NBA Basketball,PS2,2003.0,Sports,Atari,0.29,0.22,0.0,0.07,0.59
10736,Power Stone Collection,PSP,2006.0,Action,Capcom,0.08,0.0,0.0,0.01,0.1
6219,Kakyuusei,SAT,1997.0,Strategy,Elf,0.0,0.0,0.28,0.0,0.28
10138,Where the Wild Things Are,X360,2009.0,Platform,Warner Bros. Interactive Entertainment,0.1,0.0,0.0,0.01,0.11
12865,Marc Ecko's Getting Up: Contents Under Pressure,PS2,2006.0,Action,Atari,0.03,0.02,0.0,0.01,0.05
15150,Fritz Chess,Wii,2009.0,Strategy,Deep Silver,0.02,0.01,0.0,0.0,0.02
14998,Bugriders: The Race of Kings,PS,1997.0,Racing,GT Interactive,0.01,0.01,0.0,0.0,0.02
12546,Mobile Suit Gundam: Gundam vs. Zeta Gundam,PS2,2004.0,Shooter,Namco Bandai Games,0.03,0.02,0.0,0.01,0.06
9075,Cake Mania 3,DS,2009.0,Simulation,Majesco Entertainment,0.13,0.0,0.0,0.01,0.14
14900,Hisshou Pachinko*Pachi-slot Kouryaku Series DS Vol. 3: Shinseiki Evangelion - Yakusoku no Toki,DS,2008.0,Misc,D3Publisher,0.0,0.0,0.03,0.0,0.03
14937,Vampire Mansion: Linda Hyde,DS,2011.0,Adventure,Unknown,0.0,0.02,0.0,0.0,0.02
9929,Charm Girls Club: My Perfect Prom,DS,2009.0,Simulation,Electronic Arts,0.11,0.0,0.0,0.01,0.12
5412,Puzzle Quest: Challenge of the Warlords,DS,2007.0,Puzzle,D3Publisher,0.28,0.01,0.03,0.02,0.34
5726,Star Wars Episode III: Revenge of the Sith,DS,2005.0,Action,Ubisoft,0.25,0.03,0.0,0.03,0.31
9371,Transformers: Devastation,XOne,2015.0,Action,Activision,0.09,0.03,0.0,0.01,0.13
7103,TRON: Evolution - Battle Grids,Wii,2010.0,Racing,Disney Interactive Studios,0.18,0.03,0.0,0.02,0.23
5359,SoulCalibur,DC,1999.0,Fighting,Namco Bandai Games,0.0,0.0,0.34,0.0,0.34
7461,Evil Dead: Regeneration,PS2,2005.0,Action,THQ,0.1,0.08,0.0,0.03,0.21
1858,Yu-Gi-Oh! Duel Monsters II: Dark Duel Stories,GB,1999.0,Strategy,Konami Digital Entertainment,0.0,0.0,1.1,0.0,1.1
13419,Double Dragon Advance,GBA,2003.0,Action,Atlus,0.03,0.01,0.0,0.0,0.05
3258,Bolt,DS,2008.0,Adventure,Disney Interactive Studios,0.35,0.21,0.0,0.06,0.62
4544,Mobile Suit Gundam: Zeonic Front,PS2,2001.0,Simulation,Namco Bandai Games,0.09,0.07,0.25,0.02,0.43
16028,The Last Remnant,PC,2009.0,Role-Playing,Square Enix,0.0,0.01,0.0,0.0,0.01
12002,Rayman 3: Hoodlum Havoc,GC,2003.0,Platform,Ubisoft,0.05,0.01,0.0,0.0,0.07
2108,Far Cry 3,PC,2012.0,Shooter,Ubisoft,0.21,0.62,0.0,0.14,0.98
1622,Kirby Tilt 'n' Tumble,GB,2000.0,Puzzle,Nintendo,0.29,0.17,0.75,0.02,1.23
10992,I Love Puppies,DS,2010.0,Simulation,Destineer,0.09,0.0,0.0,0.01,0.09
12133,Tropix,DS,2008.0,Puzzle,Capcom,0.06,0.0,0.0,0.0,0.07
13509,I.Q. Remix+: Intelligent Qube,PS2,2000.0,Puzzle,Sony Computer Entertainment,0.0,0.0,0.04,0.0,0.04
9580,City Crisis,PS2,2001.0,Simulation,Take-Two Interactive,0.06,0.05,0.0,0.02,0.13
263,Batman: Arkham Asylum,PS3,2009.0,Action,Eidos Interactive,2.23,1.34,0.07,0.61,4.25
11876,Viewpoint,PS,1995.0,Shooter,Electronic Arts,0.04,0.03,0.0,0.0,0.07
3071,Rayman Legends,PS3,2013.0,Platform,Ubisoft,0.14,0.38,0.0,0.14,0.66
5048,MX vs. ATV Untamed,PS2,2007.0,Racing,THQ,0.32,0.01,0.0,0.05,0.38
15492,Mary King's Riding School,DS,2008.0,Simulation,Ghostlight,0.0,0.02,0.0,0.0,0.02
348,FIFA Soccer 10,PS3,2009.0,Sports,Electronic Arts,0.6,2.46,0.05,0.52,3.63
11349,Nikoli's Pencil Puzzle,3DS,2011.0,Puzzle,Hudson Soft,0.05,0.03,0.0,0.01,0.08
5920,Call of Duty: Modern Warfare 3: Defiance,DS,2011.0,Shooter,Activision,0.21,0.07,0.0,0.02,0.3
289,World of Warcraft: The Burning Crusade,PC,2007.0,Role-Playing,Activision,2.57,1.52,0.0,0.0,4.09
2959,Dragon Ball Z: Budokai,GC,2003.0,Fighting,Atari,0.53,0.14,0.0,0.02,0.69
15835,I Love Horses: Rider's Paradise,Wii,2010.0,Simulation,Destineer,0.02,0.0,0.0,0.0,0.02
10686,Zero4 Champ RR-Z,SNES,1995.0,Racing,Media Rings,0.0,0.0,0.1,0.0,0.1
7435,Spider-Man: Web of Shadows,PS2,2008.0,Action,Activision,0.1,0.08,0.0,0.03,0.21
4112,Crash: Mind Over Mutant,X360,2008.0,Platform,Vivendi Games,0.22,0.21,0.0,0.05,0.48
12402,Tecmo Classic Arcade,XB,2005.0,Misc,Microsoft Game Studios,0.05,0.01,0.0,0.0,0.06
4202,NHL 16,XOne,2015.0,Sports,Electronic Arts,0.37,0.05,0.0,0.05,0.47
774,Final Fantasy III,DS,2006.0,Role-Playing,Square Enix,0.91,0.05,1.07,0.09,2.12
9951,Teenage Mutant Ninja Turtles 3: Mutant Nightmare,GC,2005.0,Action,Konami Digital Entertainment,0.09,0.02,0.0,0.0,0.12
1652,Super Street Fighter IV: 3D Edition,3DS,2011.0,Fighting,Capcom,0.55,0.44,0.14,0.09,1.22
6795,Corpse Party: Blood Drive,PSV,2014.0,Adventure,Marvelous Interactive,0.11,0.03,0.06,0.05,0.24
10638,Flying Dragon,N64,1997.0,Fighting,Natsume,0.08,0.02,0.0,0.0,0.1
444,Star Wars Episode I Racer,N64,1999.0,Racing,Nintendo,2.31,0.62,0.14,0.04,3.12
3195,Ghostbusters: The Video Game,X360,2009.0,Action,Atari,0.43,0.14,0.0,0.06,0.63
14484,Power Rangers Super Megaforce,3DS,2014.0,Action,Namco Bandai Games,0.01,0.01,0.0,0.0,0.03
7202,Hitman: HD Trilogy,PS3,2013.0,Action,Square Enix,0.07,0.1,0.0,0.04,0.22
11903,DS Uranai Seikatsu,DS,2009.0,Misc,Nintendo,0.0,0.0,0.07,0.0,0.07
12552,Zoo Tycoon 2,PC,2004.0,Strategy,Microsoft Game Studios,0.0,0.05,0.0,0.01,0.06
3274,Pac-Man Player's Choice Bundle,GC,2003.0,Misc,Namco Bandai Games,0.48,0.12,0.0,0.02,0.62
8170,Super Robot Taisen A Portable,PSP,2008.0,Strategy,Namco Bandai Games,0.0,0.0,0.18,0.0,0.18
11127,The Weakest Link,PS,2001.0,Misc,Activision,0.05,0.03,0.0,0.01,0.09
3714,Manhunt 2,Wii,2007.0,Action,Take-Two Interactive,0.25,0.23,0.0,0.06,0.54
564,Final Fantasy XIII-2,PS3,2011.0,Role-Playing,Square Enix,0.78,0.75,0.89,0.26,2.68
6526,Duke Nukem: Zero Hour,N64,1999.0,Shooter,GT Interactive,0.21,0.05,0.0,0.0,0.26
10382,Kamen Rider: Climax Heroes,PS2,2009.0,Fighting,Namco Bandai Games,0.0,0.0,0.11,0.0,0.11
5892,Harry Potter and the Order of the Phoenix,X360,2007.0,Action,Electronic Arts,0.24,0.04,0.0,0.02,0.3
12356,R-Types,PS,1998.0,Shooter,Virgin Interactive,0.04,0.02,0.0,0.0,0.06
6087,BeatMania Append 4thMix: The beat goes on,PS,1999.0,Simulation,Konami Digital Entertainment,0.0,0.0,0.27,0.02,0.29
7325,Crash 'N' Burn,PS2,2004.0,Racing,Eidos Interactive,0.11,0.08,0.0,0.03,0.21
15480,Heroes VS,PSP,2013.0,Fighting,Namco Bandai Games,0.0,0.0,0.02,0.0,0.02
2353,MLB 2001,PS,2000.0,Sports,Sony Computer Entertainment,0.49,0.34,0.0,0.06,0.89
1884,Empire: Total War,PC,2009.0,Strategy,Sega,0.01,0.97,0.0,0.11,1.09
15293,Final Approach 2: 1st Priority,PS2,2008.0,Adventure,Princess Soft,0.0,0.0,0.02,0.0,0.02
1591,Reel Fishing,PS,1996.0,Sports,Natsume,0.99,0.13,0.1,0.04,1.25
12259,Genkai Tokki Monster Monpiece,PSV,2013.0,Strategy,Idea Factory,0.0,0.0,0.06,0.0,0.06
9818,NFL QB Club 2001,N64,2000.0,Sports,Acclaim Entertainment,0.11,0.01,0.0,0.0,0.12
1540,Champions of Norrath,PS2,2004.0,Role-Playing,Sony Online Entertainment,0.63,0.49,0.0,0.16,1.28
15677,Rogue Trooper,XB,2006.0,Shooter,Eidos Interactive,0.01,0.0,0.0,0.0,0.02
6824,Deca Sports 3,Wii,2010.0,Sports,Hudson Soft,0.15,0.07,0.0,0.02,0.24
3723,Tales of Symphonia,PS3,2013.0,Role-Playing,Namco Bandai Games,0.21,0.13,0.13,0.06,0.54
12009,Tecmo's Deception,PS,1996.0,Role-Playing,Sunsoft,0.04,0.03,0.0,0.0,0.07
221,Crash Team Racing,PS,1999.0,Racing,Sony Computer Entertainment,2.57,1.57,0.44,0.21,4.79
2432,Army Men: Air Attack,PS,1999.0,Action,3DO,0.47,0.32,0.0,0.06,0.85
8476,Chaotic: Shadow Warriors,PS3,2009.0,Action,Activision,0.15,0.0,0.0,0.01,0.16
12650,Daito Giken Koushiki Pachi-Slot Simulator: Shin Yoshimune,PS2,2008.0,Misc,Paon,0.0,0.0,0.06,0.0,0.06
2692,The Sims 3,3DS,2011.0,Simulation,Electronic Arts,0.3,0.37,0.03,0.07,0.76
10170,Shin Kamaitachi no Yoru: 11 Hitome no Suspect,PS3,2011.0,Adventure,THQ,0.0,0.0,0.11,0.0,0.11
834,SOCOM: U.S. Navy SEALs: Combined Assault,PS2,2006.0,Shooter,Sony Computer Entertainment,1.74,0.02,0.0,0.28,2.04
5929,James Bond 007: Legends,X360,2012.0,Shooter,Activision,0.13,0.14,0.0,0.03,0.3
2505,Deca Sports 2,Wii,2009.0,Sports,Hudson Soft,0.33,0.34,0.09,0.07,0.82
6168,Hannah Montana: Spotlight World Tour,PS2,2008.0,Action,Disney Interactive Studios,0.12,0.02,0.0,0.14,0.28
6160,Godzilla: Domination!,GBA,2002.0,Fighting,Atari,0.2,0.07,0.0,0.01,0.28
12204,Tokobot,PSP,2005.0,Platform,Take-Two Interactive,0.06,0.0,0.0,0.01,0.07
8022,Driving Emotion Type-S,PS2,2000.0,Racing,Electronic Arts,0.04,0.03,0.11,0.01,0.18
16245,F.E.A.R. Perseus Mandate,PC,2007.0,Shooter,Vivendi Games,0.01,0.0,0.0,0.0,0.01
12218,One Piece: Unlimited World Red,WiiU,2014.0,Action,Namco Bandai Games,0.0,0.04,0.02,0.0,0.07
3020,Wolfenstein: The New Order,XOne,2014.0,Shooter,Bethesda Softworks,0.33,0.28,0.0,0.06,0.67
6030,Ken Griffey Jr.'s Slugfest,N64,1999.0,Sports,Nintendo,0.23,0.06,0.0,0.0,0.29
13577,Red Ninja: End of Honor,PS2,2005.0,Action,Vivendi Games,0.02,0.02,0.0,0.01,0.04
7162,Momotarou Dentetsu 15,PS2,2005.0,Misc,Hudson Soft,0.0,0.0,0.22,0.0,0.22
10805,Cartoon Network: Punch Time Explosion,3DS,2011.0,Fighting,Deep Silver,0.07,0.02,0.0,0.01,0.1
10732,Harvest Moon: Frantic Farming,DS,2009.0,Puzzle,Rising Star Games,0.08,0.01,0.0,0.01,0.1
12913,NFL Blitz Pro,XB,2003.0,Sports,Midway Games,0.04,0.01,0.0,0.0,0.05
5407,Momotarou Dentetsu DS: Tokyo & Japan,DS,2007.0,Misc,Hudson Soft,0.0,0.0,0.34,0.0,0.34
10993,Jikkyou Powerful Pro Yakyuu 14 Ketteiban,PS2,2007.0,Sports,Konami Digital Entertainment,0.0,0.0,0.09,0.0,0.09
11752,Jikkyou Powerful Pro Yakyuu 2011 Ketteiban,PS3,2011.0,Sports,Konami Digital Entertainment,0.0,0.0,0.07,0.0,0.07
3314,Major League Baseball 2K8,X360,2008.0,Sports,Bethesda Softworks,0.56,0.0,0.0,0.05,0.61
5120,Rage,PC,2011.0,Shooter,Bethesda Softworks,0.14,0.18,0.0,0.06,0.37
11361,Petz: Dogz Family,PSP,2009.0,Simulation,Ubisoft,0.05,0.02,0.0,0.01,0.08
2649,Resident Evil: Operation Raccoon City,X360,2012.0,Action,Capcom,0.55,0.15,0.03,0.06,0.78
8722,The Oregon Trail,Wii,2011.0,Simulation,Crave Entertainment,0.15,0.0,0.0,0.01,0.15
2911,Star Wars: Obi-Wan,XB,2001.0,Action,Activision,0.52,0.16,0.0,0.02,0.7
5740,Foto Frenzy: Spot The Diffrence,DS,2009.0,Puzzle,Storm City Games,0.29,0.0,0.0,0.02,0.31
225,The Simpsons: Hit & Run,PS2,2003.0,Racing,Vivendi Games,1.73,2.19,0.0,0.79,4.7
12006,Ultimate Marvel vs. Capcom 3,X360,2011.0,Fighting,Capcom,0.0,0.03,0.04,0.0,0.07
9160,Fate/Unlimited Codes,PS2,2008.0,Fighting,Capcom,0.0,0.0,0.14,0.0,0.14
7492,Kung Fu Rider,PS3,2010.0,Action,Sony Computer Entertainment,0.06,0.1,0.01,0.04,0.21
15042,Thunderbirds,GBA,2004.0,Shooter,Vivendi Games,0.02,0.01,0.0,0.0,0.02
6104,The Golden Compass,PS3,2007.0,Action,Sega,0.14,0.1,0.0,0.05,0.29
3260,The Urbz: Sims in the City,GBA,2004.0,Simulation,Electronic Arts,0.37,0.22,0.0,0.03,0.62
10460,Ski-Doo Snowmobile Challenge,PS3,2009.0,Racing,PQube,0.1,0.0,0.0,0.01,0.1
13835,The Movies,PC,2005.0,Simulation,Activision,0.01,0.03,0.0,0.01,0.04
14622,Triple Pack: Xbox Live Arcade Compilation,X360,2011.0,Misc,Microsoft Game Studios,0.03,0.0,0.0,0.0,0.03
5751,Super Robot Taisen Complete Box,PS,1999.0,Strategy,Banpresto,0.0,0.0,0.29,0.02,0.31
13787,Patrician IV,PC,2010.0,Strategy,Kalypso Media,0.03,0.0,0.0,0.0,0.04
4849,Mother 3,GBA,2006.0,Role-Playing,Nintendo,0.0,0.0,0.39,0.01,0.4
924,Donkey Kong Country Returns,3DS,2013.0,Platform,Nintendo,0.73,0.62,0.4,0.12,1.87
5163,The Chronicles of Narnia: Prince Caspian,Wii,2008.0,Action,Disney Interactive Studios,0.31,0.02,0.0,0.03,0.36
7226,Mega Man 64,N64,2000.0,Action,Capcom,0.14,0.03,0.05,0.0,0.22
793,Derby Stallion,PS,1997.0,Sports,ASCII Entertainment,0.0,0.0,1.96,0.14,2.09
3615,WWE 2K15,XOne,2014.0,Sports,Take-Two Interactive,0.28,0.23,0.0,0.04,0.56
7026,Shaun White Snowboarding,DS,2008.0,Sports,Ubisoft,0.21,0.0,0.0,0.02,0.23
2296,Tiger Woods PGA Tour 2002,PS2,2002.0,Sports,Electronic Arts,0.44,0.35,0.0,0.12,0.9
2524,Hasbro Family Game Night 3,Wii,2010.0,Misc,Electronic Arts,0.47,0.28,0.0,0.07,0.82
2123,Tom Clancy's Splinter Cell: Blacklist,PS3,2013.0,Action,Ubisoft,0.34,0.41,0.06,0.18,0.98
13468,Cheer We Go!,DS,2010.0,Misc,Natsume,0.04,0.0,0.0,0.0,0.04
823,Need for Speed: ProStreet,PS3,2007.0,Racing,Electronic Arts,0.73,0.92,0.04,0.37,2.05
9430,Resident Evil: Revelations 2,PSV,2015.0,Action,Capcom,0.01,0.05,0.06,0.01,0.13
12279,Miami Vice: The Game,PSP,2006.0,Shooter,Activision,0.06,0.0,0.0,0.0,0.06
14715,D1 Professional Drift Grand Prix Series,PS2,2005.0,Racing,Yuke's,0.01,0.01,0.0,0.0,0.03
12690,Murdered: Soul Suspect,PC,2014.0,Action,Square Enix,0.0,0.05,0.0,0.01,0.06
14817,Madden NFL 07,GBA,2006.0,Sports,Electronic Arts,0.02,0.01,0.0,0.0,0.03
15108,Frontlines: Fuel of War,PC,2008.0,Shooter,THQ,0.0,0.02,0.0,0.0,0.02
4810,The Chronicles of Narnia: Prince Caspian,PS2,2008.0,Action,Disney Interactive Studios,0.2,0.15,0.0,0.05,0.4
2819,Avatar: The Game,Wii,2009.0,Action,Ubisoft,0.33,0.32,0.0,0.08,0.73
443,Need for Speed III: Hot Pursuit,PS,1998.0,Racing,Electronic Arts,2.14,0.86,0.0,0.13,3.12
6005,Def Jam Rapstar,X360,2010.0,Misc,Konami Digital Entertainment,0.25,0.03,0.0,0.02,0.29
488,inFAMOUS,PS3,2009.0,Action,Sony Computer Entertainment,1.76,0.69,0.12,0.37,2.94
5816,Disney's The Emperor's New Groove,PS,2000.0,Platform,Sony Computer Entertainment,0.17,0.12,0.0,0.02,0.31
15586,Bomberman 2,DS,2008.0,Puzzle,Hudson Soft,0.0,0.01,0.0,0.0,0.02
7305,One Piece: Pirate Warriors 3,PSV,2015.0,Action,Namco Bandai Games,0.0,0.07,0.13,0.02,0.22
14546,Royal Palace of White Sword and The City of Gentiles,PC,2009.0,Role-Playing,Take-Two Interactive,0.0,0.02,0.0,0.01,0.03
6540,Tiger Woods PGA Tour 10,PS2,2009.0,Sports,Electronic Arts,0.12,0.01,0.0,0.13,0.26
2585,Resident Evil: Revelations,PS3,2013.0,Action,Capcom,0.14,0.32,0.22,0.12,0.8
2760,LittleBigPlanet 3,PS3,2014.0,Platform,Sony Computer Entertainment,0.2,0.43,0.01,0.11,0.75
14894,Bode Miller Alpine Skiing,PS2,2006.0,Sports,Valcon Games,0.01,0.01,0.0,0.0,0.03
1554,The Sims 2: Nightlife,PC,2005.0,Simulation,Electronic Arts,1.22,0.05,0.0,0.0,1.27
3584,Wolfenstein,X360,2009.0,Shooter,Activision,0.28,0.22,0.0,0.06,0.56
11931,Haunting Ground,PS2,2005.0,Action,Capcom,0.03,0.03,0.0,0.01,0.07
15595,ESPN NFL Primetime 2002,XB,2002.0,Sports,Konami Digital Entertainment,0.01,0.0,0.0,0.0,0.02
707,Paper Mario: Sticker Star,3DS,2012.0,Role-Playing,Nintendo,1.12,0.39,0.64,0.12,2.27
5670,Sega Smash Pack,GBA,2002.0,Misc,Atari,0.23,0.08,0.0,0.01,0.32
8660,Pachi-Slot Kanzen Kouryaku 3: Universal Koushiki Gaido Volume 3,PS,1998.0,Misc,Syscom,0.0,0.0,0.15,0.01,0.16
14552,Phantasy Star Online 2: Episode 3 Deluxe Package,PSV,2015.0,Action,Sega,0.0,0.0,0.03,0.0,0.03
8190,LEGO Island 2: The Brickster's Revenge,PS,2001.0,Adventure,LEGO Media,0.1,0.07,0.0,0.01,0.18
1666,FIFA Soccer 07,PSP,2006.0,Sports,Electronic Arts,0.24,0.65,0.0,0.32,1.21
7974,Jurassic: The Hunted,PS3,2009.0,Shooter,Activision,0.17,0.0,0.0,0.02,0.19
954,Sonic & Knuckles,GEN,1994.0,Platform,Sega,1.24,0.43,0.03,0.12,1.82
1213,Dark Cloud,PS2,2000.0,Role-Playing,Sony Computer Entertainment,0.83,0.44,0.08,0.19,1.54
9231,MySims Collection,Wii,2010.0,Misc,Electronic Arts,0.13,0.0,0.0,0.01,0.14
1299,Xenogears,PS,1998.0,Role-Playing,SquareSoft,0.29,0.19,0.89,0.1,1.46
6893,Samurai Warriors 4,PS4,2014.0,Action,Tecmo Koei,0.08,0.07,0.06,0.03,0.24
6890,Ratchet & Clank: Going Commando (JP weekly sales),PS2,2003.0,Action,Sony Computer Entertainment,0.0,0.0,0.24,0.0,0.24
1683,Mario vs. Donkey Kong 2: March of the Minis,DS,2006.0,Puzzle,Nintendo,0.74,0.03,0.36,0.07,1.2
12718,Titan Quest,PC,2006.0,Role-Playing,THQ,0.01,0.04,0.0,0.01,0.06
13940,Tenshou Gakuen Gekkouroku,PS2,2006.0,Adventure,Asmik Ace Entertainment,0.0,0.0,0.04,0.0,0.04
6319,Bridge,2600,1980.0,Misc,Activision,0.25,0.02,0.0,0.0,0.27
15644,Grisaia no Rakuen: Le Eden de la Grisaia,PSV,2014.0,Adventure,Prototype,0.0,0.0,0.02,0.0,0.02
12746,Doki-Doki Universe,PSV,2013.0,Adventure,Sony Computer Entertainment,0.01,0.04,0.0,0.01,0.06
5953,Dragon Ball Z: Budokai Tenkaichi 2,Wii,2006.0,Fighting,Atari,0.24,0.03,0.0,0.02,0.3
16221,Family Jockey,Wii,2008.0,Sports,Namco Bandai Games,0.0,0.0,0.01,0.0,0.01
876,Star Wars: Dark Forces,PC,1994.0,Shooter,LucasArts,1.09,0.77,0.0,0.09,1.95
12420,Guilty Gear XX Accent Core Plus,PS2,2008.0,Fighting,PQube,0.03,0.02,0.0,0.01,0.06
1882,LEGO Star Wars II: The Original Trilogy,DS,2006.0,Action,LucasArts,0.96,0.04,0.0,0.08,1.09
2805,Croc 2,PS,1999.0,Platform,Fox Interactive,0.41,0.28,0.0,0.05,0.73
11607,We Sing Rock!,Wii,2011.0,Misc,Nordic Games,0.0,0.07,0.0,0.01,0.08
10822,The X-Factor,X360,2010.0,Misc,Deep Silver,0.0,0.08,0.0,0.01,0.09
4807,Yu-Gi-Oh! 5D's Stardust Accelerator: World Championship 2009,DS,2009.0,Action,Konami Digital Entertainment,0.27,0.01,0.09,0.03,0.4
15763,Discworld II: Mortality Bytes!,PS,1996.0,Adventure,Psygnosis,0.01,0.01,0.0,0.0,0.02
14656,Age of Conan: Rise of the Godslayer,PC,2010.0,Role-Playing,Funcom,0.0,0.02,0.0,0.0,0.03
3440,Top Spin 3,Wii,2008.0,Action,Take-Two Interactive,0.15,0.37,0.0,0.07,0.58
13528,FlatOut 2,XB,2006.0,Racing,Empire Interactive,0.03,0.01,0.0,0.0,0.04
9617,Cabela's Dangerous Hunts 2011,DS,2010.0,Sports,Activision,0.12,0.0,0.0,0.01,0.13
2470,Rocket Power: Team Rocket Rescue,PS,2001.0,Sports,THQ,0.47,0.32,0.0,0.05,0.84
383,Far Cry 3,PS3,2012.0,Shooter,Ubisoft,0.88,1.75,0.1,0.72,3.45
14947,BeatMania IIDX 11: IIDX Red,PS2,2006.0,Simulation,Konami Digital Entertainment,0.0,0.0,0.02,0.0,0.02
4596,Big Strike Bowling,PS,2003.0,Sports,Gotham Games,0.23,0.16,0.0,0.03,0.42
3897,Jam With the Band,DS,2008.0,Misc,Nintendo,0.0,0.0,0.51,0.0,0.51
15580,Bakumatsu Rock: Ultra Soul,PSV,2014.0,Misc,Marvelous Interactive,0.0,0.0,0.02,0.0,0.02
16229,Victory Spike,PS,1996.0,Sports,Imagineer,0.0,0.0,0.01,0.0,0.01
7958,The Scorpion King: Sword of Osiris,GBA,2002.0,Action,Vivendi Games,0.13,0.05,0.0,0.0,0.19
291,God of War II,PS2,2007.0,Action,Sony Computer Entertainment,2.32,0.04,0.04,1.67,4.07
12126,Cartoon Network: Punch Time Explosion XL,PS3,2011.0,Fighting,Crave Entertainment,0.06,0.0,0.0,0.0,0.07
3065,NHL 10,X360,2009.0,Sports,Electronic Arts,0.51,0.1,0.0,0.06,0.66
2555,The Next Tetris,PS,1998.0,Puzzle,Atari,0.45,0.31,0.0,0.05,0.81
16099,Miyako: Awayuki no Utage,PSP,2012.0,Action,Idea Factory,0.0,0.0,0.01,0.0,0.01
12362,Age of Empires Online,PC,2011.0,Strategy,Microsoft Game Studios,0.01,0.04,0.0,0.01,0.06
6932,Nintendo Presents: Crossword Collection,DS,2009.0,Puzzle,Nintendo,0.0,0.21,0.0,0.02,0.24
8243,Major League Baseball 2K9,PS3,2009.0,Sports,Spike,0.16,0.0,0.0,0.01,0.17
9993,Hasbro Family Game Night Fun Pack,Wii,2011.0,Misc,Electronic Arts,0.11,0.0,0.0,0.01,0.12
8694,The Walking Dead: Season One,XOne,2014.0,Adventure,Telltale Games,0.08,0.06,0.0,0.01,0.16
1636,Mario Power Tennis,GC,2004.0,Sports,Nintendo,0.58,0.16,0.46,0.03,1.22
10729,Animal Planet: Vet Life,Wii,2009.0,Simulation,Activision,0.09,0.0,0.0,0.01,0.1
15498,Spirits and Demons: 5 Game Pack,PC,2015.0,Misc,Focus Multimedia,0.0,0.02,0.0,0.0,0.02
6414,Jade Cocoon: Story of the Tamamayu,PS,1998.0,Role-Playing,Crave Entertainment,0.15,0.1,0.0,0.02,0.27
2487,Lizzie McGuire 2: Lizzie Diaries,GBA,2004.0,Action,Disney Interactive Studios,0.6,0.22,0.0,0.01,0.83
11918,Operation Flashpoint: Red River,PC,2011.0,Shooter,Codemasters,0.01,0.04,0.0,0.01,0.07
13,Pokemon Gold/Pokemon Silver,GB,1999.0,Role-Playing,Nintendo,9.0,6.18,7.2,0.71,23.1
5201,Assassin's Creed III,WiiU,2012.0,Action,Ubisoft,0.19,0.13,0.0,0.03,0.36
9914,Crime Killer,PS,1998.0,Racing,Interplay,0.07,0.04,0.0,0.01,0.12
16346,Sekirei: Mirai Kara no Okurimono,PS2,2009.0,Adventure,Alchemist,0.0,0.0,0.01,0.0,0.01
16415,Time Leap,X360,2009.0,Adventure,Prototype,0.0,0.0,0.01,0.0,0.01
2381,Derby Stallion II,SNES,1994.0,Sports,ASCII Entertainment,0.0,0.0,0.87,0.0,0.87
1457,Test Drive,PS2,2002.0,Racing,Atari,0.95,0.21,0.01,0.18,1.34
9539,NBA 08,PS2,2007.0,Sports,Sony Computer Entertainment,0.06,0.05,0.0,0.02,0.13
13860,Brothers: A Tale of Two Sons,XOne,2015.0,Adventure,505 Games,0.03,0.01,0.0,0.0,0.04
934,Chrono Cross,PS,1999.0,Role-Playing,SquareSoft,0.62,0.42,0.69,0.12,1.86
14288,Disney's Hide & Sneak,GC,2003.0,Action,Capcom,0.03,0.01,0.0,0.0,0.03
15686,Machi: Unmei no Kousaten,PSP,2006.0,Adventure,ChunSoft,0.0,0.0,0.02,0.0,0.02
11380,Iron Man / X-O Manowar in Heavy Metal,PS,1996.0,Platform,Acclaim Entertainment,0.05,0.03,0.0,0.01,0.08
10599,NASCAR The Game: Inside Line,X360,2012.0,Racing,Activision,0.09,0.0,0.0,0.01,0.1
16002,Mortal Kombat,PC,1994.0,Fighting,Acclaim Entertainment,0.01,0.0,0.0,0.0,0.01
10168,Green Lantern: Rise of the Manhunters,DS,2011.0,Action,Warner Bros. Interactive Entertainment,0.08,0.02,0.0,0.01,0.11
4696,Mobile Suit Gundam: Gundam vs. Gundam NEXT PLUS,PSP,2009.0,Fighting,Namco Bandai Games,0.0,0.0,0.41,0.0,0.41
14821,Monster High 13 Wishes,WiiU,2013.0,Action,Little Orbit,0.02,0.0,0.0,0.0,0.03
12722,Samurai Jack: The Shadow of Aku,PS2,2004.0,Action,Sega,0.03,0.02,0.0,0.01,0.06
2496,Sly 3: Honor Among Thieves,PS2,2005.0,Platform,Sony Computer Entertainment,0.69,0.03,0.0,0.11,0.83
84,The Sims 3,PC,2009.0,Simulation,Electronic Arts,0.98,6.42,0.0,0.71,8.11
9573,Disney's Winnie the Pooh's Rumbly Tumbly Adventure,PS2,2005.0,Platform,Ubisoft,0.06,0.05,0.0,0.02,0.13
6541,SD Gundam G Generation: Cross Drive,DS,2007.0,Strategy,Namco Bandai Games,0.0,0.0,0.26,0.0,0.26
826,Pokémon Mystery Dungeon: Blue Rescue Team,DS,2005.0,Role-Playing,Nintendo,1.16,0.06,0.83,0.0,2.05
15168,Jissen Pachinko Hisshouhou! CR Sakura Taisen,PS2,2007.0,Misc,Sega,0.0,0.0,0.02,0.0,0.02
7290,Lost Planet 3,PS3,2013.0,Shooter,Capcom,0.07,0.06,0.06,0.03,0.22
202,Resident Evil,PS,1996.0,Action,Virgin Interactive,2.05,1.16,1.11,0.73,5.05
9468,Sally's Salon,DS,2008.0,Simulation,Capcom,0.12,0.0,0.0,0.01,0.13
4001,Dreamworks Madagascar Kartz,Wii,2009.0,Racing,Activision,0.29,0.16,0.0,0.05,0.5
14668,Onechanbara Z Kagura,X360,2012.0,Action,D3Publisher,0.0,0.0,0.03,0.0,0.03
2637,Buzz! The Hollywood Quiz,PS2,2007.0,Misc,Sony Computer Entertainment,0.17,0.0,0.0,0.61,0.78
3526,Madden NFL 06,GC,2005.0,Sports,Electronic Arts,0.44,0.11,0.0,0.02,0.57
6920,Risen 2: Dark Waters,PS3,2012.0,Role-Playing,Deep Silver,0.04,0.14,0.01,0.05,0.24
365,LEGO Star Wars: The Video Game,PS2,2005.0,Action,Eidos Interactive,1.98,1.14,0.01,0.41,3.53
4247,"Warhammer 40,000: Space Marine",PS3,2011.0,Shooter,THQ,0.13,0.25,0.0,0.09,0.46
16537,Time Travelers,PSP,2012.0,Adventure,Level 5,0.0,0.0,0.01,0.0,0.01
10659,Silent Scope Complete,XB,2004.0,Shooter,Konami Digital Entertainment,0.07,0.02,0.0,0.0,0.1
14520,Tenka-bito,PS2,2006.0,Strategy,Sega,0.0,0.0,0.03,0.0,0.03
13533,Resident Evil Director's Cut,PS3,2006.0,Action,Capcom,0.0,0.0,0.04,0.0,0.04
9415,Jikkyou Powerful Pro Yakyuu 2011 Ketteiban,PSP,2011.0,Sports,Konami Digital Entertainment,0.0,0.0,0.13,0.0,0.13
12902,Medabots: Infinity,GC,2003.0,Role-Playing,Ubisoft,0.04,0.01,0.0,0.0,0.05
5441,Sengoku Musou 3 Z,PS3,2011.0,Action,Ackkstudios,0.0,0.0,0.33,0.0,0.33
9965,NHL Powerplay '96,PS,1996.0,Sports,Virgin Interactive,0.06,0.04,0.0,0.01,0.12
9172,Earth Defense Force 2: Invaders from Planet Space,PSP,2011.0,Action,D3Publisher,0.0,0.0,0.14,0.0,0.14
11606,Medabots Dual: Kabuto / Kuwagata,3DS,2013.0,Role-Playing,Rocket Company,0.0,0.0,0.08,0.0,0.08
7927,Pictionary,DS,2010.0,Puzzle,THQ,0.1,0.07,0.0,0.02,0.19
4230,MX vs. ATV Untamed,PS3,2007.0,Racing,THQ,0.35,0.06,0.0,0.05,0.46
10535,Dora & Kai-Lan's Pet Shelter,DS,2011.0,Strategy,Take-Two Interactive,0.08,0.01,0.0,0.01,0.1
1645,Chocobo no Fushigi Dungeon,PS,1997.0,Role-Playing,SquareSoft,0.0,0.0,1.14,0.08,1.22
7114,NCAA GameBreaker 2004,PS2,2003.0,Sports,Sony Computer Entertainment,0.11,0.09,0.0,0.03,0.23
1091,Disney's DuckTales,NES,1989.0,Platform,Capcom,0.91,0.3,0.42,0.04,1.67
6582,Bionicle: Matoran Adventures,GBA,2002.0,Platform,Electronic Arts,0.18,0.07,0.0,0.0,0.26
7366,World Poker Tour,PS2,2005.0,Misc,Take-Two Interactive,0.1,0.08,0.0,0.03,0.21
8483,Rio,DS,2011.0,Misc,THQ,0.12,0.03,0.0,0.01,0.16
1685,One Piece: Pirate Warriors,PS3,2012.0,Action,Namco Bandai Games,0.01,0.24,0.86,0.09,1.2
13188,BeatMania IIDX 4th Style: New Songs Collection,PS2,2001.0,Simulation,Konami Digital Entertainment,0.0,0.0,0.05,0.0,0.05
2870,Persona Q: Shadow of the Labyrinth,3DS,2014.0,Role-Playing,Nippon Ichi Software,0.33,0.07,0.27,0.04,0.71
15662,Yamasa Digi World SP: Moeyo! Kung Fu Shukujo,PS2,2006.0,Misc,Yamasa Entertainment,0.0,0.0,0.02,0.0,0.02
1002,The Urbz: Sims in the City,PS2,2004.0,Simulation,Electronic Arts,0.52,0.95,0.0,0.29,1.76
14461,Pet Alien: An Intergalactic Puzzlepalooza,DS,2007.0,Action,Game Factory,0.03,0.0,0.0,0.0,0.03
6389,Reign of Fire,PS2,2002.0,Shooter,BAM! Entertainment,0.13,0.1,0.0,0.03,0.27
3284,Formula 1: Championship Edition,PS3,2006.0,Racing,Sony Computer Entertainment,0.0,0.57,0.04,0.0,0.61
13248,Putty Squad,PSV,2013.0,Platform,System 3,0.02,0.02,0.0,0.01,0.05
2171,PilotWings Resort,3DS,2011.0,Simulation,Nintendo,0.4,0.36,0.13,0.07,0.96
14140,Resident Evil 4 HD,PS4,2016.0,Shooter,Capcom,0.03,0.0,0.0,0.01,0.03
12622,Winx Club: Mission Enchantix,DS,2008.0,Adventure,Konami Digital Entertainment,0.03,0.02,0.0,0.0,0.06
3614,DS Bimoji Training,DS,2008.0,Misc,Nintendo,0.0,0.0,0.56,0.0,0.56
15777,Army Men: Major Malfunction,XB,2006.0,Shooter,Global Star,0.01,0.0,0.0,0.0,0.02
16523,Tengai Makyo: Dai Yon no Mokushiroku,PSP,2006.0,Role-Playing,Hudson Soft,0.0,0.0,0.01,0.0,0.01
8064,Cabela's Adventure Camp,Wii,2011.0,Misc,Activision,0.15,0.02,0.0,0.01,0.18
3516,Disney Universe,X360,2011.0,Action,Disney Interactive Studios,0.37,0.15,0.0,0.05,0.57
8009,.hack//Quarantine Part 4: The Final Chapter,PS2,2003.0,Role-Playing,Atari,0.09,0.07,0.0,0.02,0.18
8506,The Amazing Spider-Man (Console Version),Wii,2012.0,Action,Activision,0.11,0.04,0.0,0.01,0.16
1864,NERF N-Strike,Wii,2008.0,Shooter,Electronic Arts,0.92,0.09,0.0,0.09,1.1
